id,halbi,halbi_roman,hindi,marathi,sanskrit,english,status,source
sw001,,mæe,मैं,मी,अहम्,I,demo,SEL India – Swadesh Word List (Halbi)
sw002,,tui / tumi,"तू, तुम",तू,त्वम्,You (singular),demo,SEL India – Swadesh Word List (Halbi)
sw003,,hon,वह,तो,सः,He,demo,SEL India – Swadesh Word List (Halbi)
sw004,,ɑmi,हम,आम्ही,वयम्,We,demo,SEL India – Swadesh Word List (Halbi)
sw005,,tumi,"तुम, आप",तुम्ही (अनेक),यूयम्,You (plural),demo,SEL India – Swadesh Word List (Halbi)
sw006,,honmɔn,वे,ते,ते,They,demo,SEL India – Swadesh Word List (Halbi)
sw007,,e,यह,हा,एषः,This,demo,SEL India – Swadesh Word List (Halbi)
sw008,,hun,वह,तो,सः,That,demo,SEL India – Swadesh Word List (Halbi)
sw009,,etʰɑ,यहाँ,इथे,अत्र,Here,demo,SEL India – Swadesh Word List (Halbi)
sw010,,hutɑ,वहाँ,तिथे,तत्र,There,demo,SEL India – Swadesh Word List (Halbi)
sw011,,kon,कौन,कोण,कः,Who,demo,SEL India – Swadesh Word List (Halbi)
sw012,,kɑj,क्या,काय,किम्,What,demo,SEL India – Swadesh Word List (Halbi)
sw013,,kẽo,कहाँ,कुठे,कुत्र,Where,demo,SEL India – Swadesh Word List (Halbi)
sw014,,kebe,कब,कधी,कदा,When,demo,SEL India – Swadesh Word List (Halbi)
sw015,,kɔsɔn (kitɾo / kitlo),कैसा (कितना),किती,कियत्,How (much),demo,SEL India – Swadesh Word List (Halbi)
sw016,,nɑi,नहीं,नाही,न,Not,demo,SEL India – Swadesh Word List (Halbi)
sw017,,sɔpɑj / ɟɔmɑj,"सब, सारे",सर्व,सर्वम्,All,demo,SEL India – Swadesh Word List (Halbi)
sw018,,kʰube,बहुत,अनेक,बहवः,Many,demo,SEL India – Swadesh Word List (Halbi)
sw019,,iti,कुछ,काही,केचन,Some,demo,SEL India – Swadesh Word List (Halbi)
sw020,,kʰindik,थोड़ा,थोडे,अल्पाः,Few,demo,SEL India – Swadesh Word List (Halbi)
sw021,,dusɔɾ,दूसरा,इतर,अन्यः,Other,demo,SEL India – Swadesh Word List (Halbi)
sw022,,ek,एक,एक,एकः,One,demo,SEL India – Swadesh Word List (Halbi)
sw023,,dui,दो,दोन,द्वौ,Two,demo,SEL India – Swadesh Word List (Halbi)
sw024,,tin,तीन,तीन,त्रयः,Three,demo,SEL India – Swadesh Word List (Halbi)
sw025,,cɑɾ,चार,चार,चत्वारि,Four,demo,SEL India – Swadesh Word List (Halbi)
sw026,,pɑnc,पाँच,पाच,पञ्च,Five,demo,SEL India – Swadesh Word List (Halbi)
sw027,,bɔɽe,बड़ा,मोठा,बृहत्,Big,demo,SEL India – Swadesh Word List (Halbi)
sw028,,lɑm,लम्बा,लांब,दीर्घम्,Long,demo,SEL India – Swadesh Word List (Halbi)
sw029,,osɑɾ,चौड़ा,रुंद,विशालम्,Wide,demo,SEL India – Swadesh Word List (Halbi)
sw030,,mɑn / moʈ,"गाढ़ा, मोटा",जाड,स्थूलम्,Thick,demo,SEL India – Swadesh Word List (Halbi)
sw031,,boɟʰ,भारी,जड,गुरु,Heavy,demo,SEL India – Swadesh Word List (Halbi)
sw032,,nɑni,छोटा,लहान,लघु,Small,demo,SEL India – Swadesh Word List (Halbi)
sw033,,nani / pʰuskɑ,"छोटा, नाटा",छोटा,ह्रस्वम्,Short,demo,SEL India – Swadesh Word List (Halbi)
sw034,,ɡɑ̃ɽ,तंग,अरुंद,सङ्कीर्णम्,Narrow,demo,SEL India – Swadesh Word List (Halbi)
sw035,,pɑtɔɾ,पतला,पातळ,कृशम्,Thin,demo,SEL India – Swadesh Word List (Halbi)
sw036,,mehɾɑɾ,औरत,स्त्री,नारी,Woman,demo,SEL India – Swadesh Word List (Halbi)
sw037,,mɔnuk,आदमी,पुरुष,पुरुषः,Man (adult male),demo,SEL India – Swadesh Word List (Halbi)
sw038,,mɔnuk,"इंसान, व्यक्ति",माणूस,नरः,Man (human being),demo,SEL India – Swadesh Word List (Halbi)
sw039,,bitɑ / pilɑ,बच्चा,मूल,बालकः,Child,demo,SEL India – Swadesh Word List (Halbi)
sw040,,bɑjle,पत्नी,पत्नी,पत्नी,Wife,demo,SEL India – Swadesh Word List (Halbi)
sw041,,munis,पति,पती,पतिः,Husband,demo,SEL India – Swadesh Word List (Halbi)
sw042,,mɑj / ɑjɑ,"माता, माँ",आई,माता,Mother,demo,SEL India – Swadesh Word List (Halbi)
sw043,,bɑp / bɑbɑ,पिता,वडील,पिता,Father,demo,SEL India – Swadesh Word List (Halbi)
sw044,,pɔsu / ɟɔnɑvɔɾ,जानवर,प्राणी,पशुः,Animal,demo,SEL India – Swadesh Word List (Halbi)
sw045,,mɔcʰɾi,मछली,मासा,मत्स्यः,Fish,demo,SEL India – Swadesh Word List (Halbi)
sw046,,cɔɽɔi,चिड़िया,पक्षी,पक्षी,Bird,demo,SEL India – Swadesh Word List (Halbi)
sw047,,kukuɾ,कुत्ता,कुत्रा,कुक्कुरः,Dog,demo,SEL India – Swadesh Word List (Halbi)
sw048,,okʰni,जूँ,उवा,लूता,Louse,demo,SEL India – Swadesh Word List (Halbi)
sw049,,sɑ̃p,साँप,साप,सर्पः,Snake,demo,SEL India – Swadesh Word List (Halbi)
sw050,,kiɽɑ,कीड़ा,किडा,कृमिः,Worm,demo,SEL India – Swadesh Word List (Halbi)
sw051,,ɾukʰ,पेड़,झाड,वृक्षः,Tree,demo,SEL India – Swadesh Word List (Halbi)
sw052,,ɾɑn / bɔn,जंगल,जंगल,वनम्,Forest,demo,SEL India – Swadesh Word List (Halbi)
sw053,,bɔɾɡɑ,डंडा,काठी,दण्डः,Stick,demo,SEL India – Swadesh Word List (Halbi)
sw054,,pʰɔɾ,फल,फळ,फलम्,Fruit,demo,SEL India – Swadesh Word List (Halbi)
sw055,,biɟɑ,बीज,बिया,बीजम्,Seed,demo,SEL India – Swadesh Word List (Halbi)
sw056,,pɑn / pɑnɑ,पत्ती,पान,पत्रम्,Leaf,demo,SEL India – Swadesh Word List (Halbi)
sw057,,ɟɔɽ,जड़,मूळ,मूलम्,Root,demo,SEL India – Swadesh Word List (Halbi)
sw058,,cʰɑli / cʰolkɑ,छाल,झाडाची साल,त्वक्,Bark (of a tree),demo,SEL India – Swadesh Word List (Halbi)
sw059,,pʰuɾ,फूल,फूल,पुष्पम्,Flower,demo,SEL India – Swadesh Word List (Halbi)
sw060,,ɾonɑ,घास,गवत,तृणम्,Grass,demo,SEL India – Swadesh Word List (Halbi)
sw061,,ɖoɾ / ɖoɾi,रस्सी,दोरी,रज्जुः,Rope,demo,SEL India – Swadesh Word List (Halbi)
sw062,,cɑmɾi / cɑmɾɑ,त्वचा,कातडी,त्वक्,Skin,demo,SEL India – Swadesh Word List (Halbi)
sw063,,mɑs,मांस,मांस,मांसम्,Meat,demo,SEL India – Swadesh Word List (Halbi)
sw064,,lɔhu,खून,रक्त,रक्तम्,Blood,demo,SEL India – Swadesh Word List (Halbi)
sw065,,hɑɽɑ,हड्डी,हाड,अस्थि,Bone,demo,SEL India – Swadesh Word List (Halbi)
sw066,,vɑsil,चरबी,स्निग्ध,मेदः,Fat (noun),demo,SEL India – Swadesh Word List (Halbi)
sw067,,ɡɑɾ,अंडा,अंड,अण्डम्,Egg,demo,SEL India – Swadesh Word List (Halbi)
sw068,,siŋɡ,सींग,शिंग,शृङ्गम्,Horn,demo,SEL India – Swadesh Word List (Halbi)
sw069,,leŋɡɾi,पूँछ,शेपटी,पुच्छम्,Tail,demo,SEL India – Swadesh Word List (Halbi)
sw070,,pɑkhi,"पंख, पर",पिसा,पर्णम्,Feather,demo,SEL India – Swadesh Word List (Halbi)
sw071,,kes / cundi,बाल,केस,केशः,Hair,demo,SEL India – Swadesh Word List (Halbi)
sw072,,munɖ / munɖi,सिर,डोके,शिरः,Head,demo,SEL India – Swadesh Word List (Halbi)
sw073,,kɑn,कान,कान,कर्णः,Ear,demo,SEL India – Swadesh Word List (Halbi)
sw074,,ɑikʰ,आँख,डोळा,नेत्रम्,Eye,demo,SEL India – Swadesh Word List (Halbi)
sw075,,nɑkʰ,नाक,नाक,नासिका,Nose,demo,SEL India – Swadesh Word List (Halbi)
sw076,,ʈond,मुँह,तोंड,मुखम्,Mouth,demo,SEL India – Swadesh Word List (Halbi)
sw077,,dɑ̃t,दाँत,दात,दन्तम्,Tooth,demo,SEL India – Swadesh Word List (Halbi)
sw078,,ɟibʰ,जीभ,जीभ,जिह्वा,Tongue (organ),demo,SEL India – Swadesh Word List (Halbi)
sw079,,nɔkʰ,नाखून,नख,नखम्,Fingernail,demo,SEL India – Swadesh Word List (Halbi)
sw080,,pɑj,पैर,पाय,पादः,Foot,demo,SEL India – Swadesh Word List (Halbi)
sw081,,pɑj / ɡoɽ,टाँग,पायरी,पाणिः,Leg,demo,SEL India – Swadesh Word List (Halbi)
sw082,,mɑnɖi,घुटना,गुडघा,जानु,Knee,demo,SEL India – Swadesh Word List (Halbi)
sw083,,hɑtʰ,हाथ,हात,बाहुः,Hand,demo,SEL India – Swadesh Word List (Halbi)
sw084,,vɔʈki / pɑʈki,पंख,पंख,पक्ष्म,Wing,demo,SEL India – Swadesh Word List (Halbi)
sw085,,peʈ,पेट,पोट,उदरम्,Belly,demo,SEL India – Swadesh Word List (Halbi)
sw086,,õɽki / õɽkɑ,अंतड़ी,आतडे,आन्त्रम्,Guts,demo,SEL India – Swadesh Word List (Halbi)
sw087,,ʈoɾɾɑ,गरदन,मान,ग्रीवा,Neck,demo,SEL India – Swadesh Word List (Halbi)
sw088,,pɑʈ,पीठ,पाठ,पृष्ठम्,Back,demo,SEL India – Swadesh Word List (Halbi)
sw089,,cʰɑti,छाती,छाती,वक्षः,Breast,demo,SEL India – Swadesh Word List (Halbi)
sw090,,kʰopsɑ,दिल,हृदय,हृदयम्,Heart,demo,SEL India – Swadesh Word List (Halbi)
sw091,,kɔɾeɟɑ,यकृत,यकृत,यकृत्,Liver,demo,SEL India – Swadesh Word List (Halbi)
sw092,,pintoɾ,पीना,पिणे,पातुम्,To drink,demo,SEL India – Swadesh Word List (Halbi)
sw093,,kʰɑ̃toɾ,खाना,खाणे,खादितुम्,To eat,demo,SEL India – Swadesh Word List (Halbi)
sw094,,kɑʈtoɾ,काटना,चावणे,दष्टुम्,To bite,demo,SEL India – Swadesh Word List (Halbi)
sw095,,ɡontoɾ / cuhɑtoɾ,चूसना,ओढणे,चुम्बितुम्,To suck,demo,SEL India – Swadesh Word List (Halbi)
sw096,,tʰuktoɾ,थूकना,थुंकणे,उत्क्षालयितुम्,To spit,demo,SEL India – Swadesh Word List (Halbi)
sw097,,ukjɑtoɾ / ulɑtkɔɾtor,उल्टी करना,ओकारी करणे,वमितुम्,To vomit,demo,SEL India – Swadesh Word List (Halbi)
sw098,,pʰuktoɾ,फूँक मारना,फुंकणे,फुल्लितुम्,To blow,demo,SEL India – Swadesh Word List (Halbi)
sw099,,minɑ̃stoɾ,साँस लेना,श्वास घेणे,श्वसितुम्,To breathe,demo,SEL India – Swadesh Word List (Halbi)
sw100,,hɑ̃stoɾ,हँसना,हसणे,हसितुम्,To laugh,demo,SEL India – Swadesh Word List (Halbi)
jd001,झाड़ाफूका,,झाड़ फूक,झाड फूक,झाड़-फूंक,,demo,Jagdalpura – Hindi→Halbi list
jd002,झूठ,,झूठ,झूठ,मिथ्या,,demo,Jagdalpura – Hindi→Halbi list
jd003,मेलाय-मेलाय,,झूठ-मूठ,झूठ-मुठ,मिथ्या-मूठ,,demo,Jagdalpura – Hindi→Halbi list
jd004,हालुन,,झुमके,झुमके,झुमके,,demo,Jagdalpura – Hindi→Halbi list
jd005,झुलना,,झुला,झुला,झूला,,demo,Jagdalpura – Hindi→Halbi list
jd006,लुआतो,,झुकाना,झुकावणे,झुकाना,,demo,Jagdalpura – Hindi→Halbi list
jd007,रासी,,झुंडों,झुंडों,झुंडों,,demo,Jagdalpura – Hindi→Halbi list
jd008,लेहरा,,झोंको,झोंका,झोंका,,demo,Jagdalpura – Hindi→Halbi list
jd009,झंडा,,झंडा,झेंडा,झंडा,,demo,Jagdalpura – Hindi→Halbi list
jd010,निआसन,,झांकना,झाकणे,झाँकना,,demo,Jagdalpura – Hindi→Halbi list
jd011,ओरालो,,टांगे,टांगे,टांगे,,demo,Jagdalpura – Hindi→Halbi list
jd012,टूकना,,टोकरी,टोकरी,टोकरी,,demo,Jagdalpura – Hindi→Halbi list
jd013,ओराले,,टंगी,टंगी,टंगी,,demo,Jagdalpura – Hindi→Halbi list
jd014,ठेका बुत्ता करतो बीता,,ठेकेदार,ठेकेदार,ठेकेदार,,demo,Jagdalpura – Hindi→Halbi list
jd015,नुको,,ठीक,ठीक,ठीक,,demo,Jagdalpura – Hindi→Halbi list
jd016,सित,,ठंड,थंड,ठंड,,demo,Jagdalpura – Hindi→Halbi list
jd017,बाजा बजातोर,,ढोल बजाना,ढोल वाजवणे,ढोल बजाना,,demo,Jagdalpura – Hindi→Halbi list
jd018,तीन,,तीन,तीन,तीन,,demo,Jagdalpura – Hindi→Halbi list
jd019,खरबुजा,,तरबूज,तरबूज,तरबूज,,demo,Jagdalpura – Hindi→Halbi list
jd020,तरही,,तालाब,तलाव,तालाब,,demo,Jagdalpura – Hindi→Halbi list
jd021,बायले,,पत्नी,पत्नी,पत्नी,,demo,Jagdalpura – Hindi→Halbi list
jd022,कुटुम,,परिवार,कुटुंब,परिवार,,demo,Jagdalpura – Hindi→Halbi list
jd023,पानी,,पानी,पाणी,पानी,,demo,Jagdalpura – Hindi→Halbi list
jd024,पियास,,प्यास,तहान,प्यास,,demo,Jagdalpura – Hindi→Halbi list
jd025,चड़ई – चुडुम,,पक्षी,पक्षी,पक्षी,,demo,Jagdalpura – Hindi→Halbi list
pdf0001,क्षा दसर बाता,,दि. अप,,,,ocr,"OCR of हिन्दी–हल्बी शब्दकोश, TRTI Raipur (p.14) — verify"
pdf0002,राध आपत्त,,6 .. अप,,,,ocr,"OCR of हिन्दी–हल्बी शब्दकोश, TRTI Raipur (p.14) — verify"
pdf0003,गग-अलग आऊर-आऊर,,ि. अत,,,,ocr,"OCR of हिन्दी–हल्बी शब्दकोश, TRTI Raipur (p.14) — verify"
pdf0004,ना पड़ का खुट आपला रूख चा,,क् ।8 . ।... अप,,,,ocr,"OCR of हिन्दी–हल्बी शब्दकोश, TRTI Raipur (p.14) — verify"
pdf0005,घधर्क शराब आगर मद,,॥9. आ।',,,,ocr,"OCR of हिन्दी–हल्बी शब्दकोश, TRTI Raipur (p.14) — verify"
pdf0006,"नावा , असना",,ग 0. अल,,,,ocr,"OCR of हिन्दी–हल्बी शब्दकोश, TRTI Raipur (p.14) — verify"
pdf0007,छ नका,,मिगेदतं खअच्त,,,,ocr,"OCR of हिन्दी–हल्बी शब्दकोश, TRTI Raipur (p.14) — verify"
pdf0008,रथ दसर,,पिंड. आन,,,,ocr,"OCR of हिन्दी–हल्बी शब्दकोश, TRTI Raipur (p.14) — verify"
pdf0009,ख गार,,फ्छिले अण,,,,ocr,"OCR of हिन्दी–हल्बी शब्दकोश, TRTI Raipur (p.14) — verify"
pdf0010,राधा सगनाहा,,44 .।... अप,,,,ocr,"OCR of हिन्दी–हल्बी शब्दकोश, TRTI Raipur (p.14) — verify"
pdf0011,प अनप नाव चा टन,,की (5. अन,,,,ocr,"OCR of हिन्दी–हल्बी शब्दकोश, TRTI Raipur (p.14) — verify"
pdf0012,आनक 'उधापडे,,96. अच्,,,,ocr,"OCR of हिन्दी–हल्बी शब्दकोश, TRTI Raipur (p.14) — verify"
pdf0013,लि बाघ,,7. अर,,,,ocr,"OCR of हिन्दी–हल्बी शब्दकोश, TRTI Raipur (p.14) — verify"
pdf0014,श्ड़ा बनका,,3 . शअच्,,,,ocr,"OCR of हिन्दी–हल्बी शब्दकोश, TRTI Raipur (p.14) — verify"
pdf0015,ने पख मे लगा लिया आपलाो पाक्टी न,,9 .] अप,,,,ocr,"OCR of हिन्दी–हल्बी शब्दकोश, TRTI Raipur (p.14) — verify"
pdf0016,[न आप आपला चीो,,20. अप,,,,ocr,"OCR of हिन्दी–हल्बी शब्दकोश, TRTI Raipur (p.14) — verify"
pdf0017,रा अधार,,दि. अध,,,,ocr,"OCR of हिन्दी–हल्बी शब्दकोश, TRTI Raipur (p.14) — verify"
pdf0018,र अगर,,दि. अर,,,,ocr,"OCR of हिन्दी–हल्बी शब्दकोश, TRTI Raipur (p.14) — verify"
pdf0019,,,न,,,,ocr,"OCR of हिन्दी–हल्बी शब्दकोश, TRTI Raipur (p.14) — verify"
pdf0020,एग वा,,23. . आ,,,,ocr,"OCR of हिन्दी–हल्बी शब्दकोश, TRTI Raipur (p.15) — verify"
pdf0021,ख । आइख,,।24. . आ,,,,ocr,"OCR of हिन्दी–हल्बी शब्दकोश, TRTI Raipur (p.15) — verify"
pdf0022,ख बद ] आइख ालमटन,,25. . आ,,,,ocr,"OCR of हिन्दी–हल्बी शब्दकोश, TRTI Raipur (p.15) — verify"
pdf0023,यथ एउरआत,,।26 . ।. आ।,,,,ocr,"OCR of हिन्दी–हल्बी शब्दकोश, TRTI Raipur (p.15) — verify"
pdf0024,या । ड्ला,,।27.।. आ,,,,ocr,"OCR of हिन्दी–हल्बी शब्दकोश, TRTI Raipur (p.15) — verify"
pdf0025,नस ह एताक,,।28. . आ,,,,ocr,"OCR of हिन्दी–हल्बी शब्दकोश, TRTI Raipur (p.15) — verify"
pdf0026,ते है 'एउआत,,429.4 आ,,,,ocr,"OCR of हिन्दी–हल्बी शब्दकोश, TRTI Raipur (p.15) — verify"
pdf0027,याह । इल स,,[30.. आ,,,,ocr,"OCR of हिन्दी–हल्बी शब्दकोश, TRTI Raipur (p.15) — verify"
pdf0028,जायग ॥ णएद,,।37. । आ,,,,ocr,"OCR of हिन्दी–हल्बी शब्दकोश, TRTI Raipur (p.15) — verify"
pdf0029,रहे है एसोत,,32.। आ,,,,ocr,"OCR of हिन्दी–हल्बी शब्दकोश, TRTI Raipur (p.15) — verify"
pdf0030,ऊगा । 'एउआय,,।33.।. आ,,,,ocr,"OCR of हिन्दी–हल्बी शब्दकोश, TRTI Raipur (p.15) — verify"
pdf0031,नी चाहिए एतोरआय,,34. आ,,,,ocr,"OCR of हिन्दी–हल्बी शब्दकोश, TRTI Raipur (p.15) — verify"
pdf0032,न णएद,,।35. आ,,,,ocr,"OCR of हिन्दी–हल्बी शब्दकोश, TRTI Raipur (p.15) — verify"
pdf0033,आ । आव,,।36.। आ,,,,ocr,"OCR of हिन्दी–हल्बी शब्दकोश, TRTI Raipur (p.15) — verify"
pdf0034,राम । आस्तर,,।37.] आ,,,,ocr,"OCR of हिन्दी–हल्बी शब्दकोश, TRTI Raipur (p.15) — verify"
pdf0035,पस । 'लग-लग,,।38.। आ,,,,ocr,"OCR of हिन्दी–हल्बी शब्दकोश, TRTI Raipur (p.15) — verify"
pdf0036,जज । आज,,।39.। अ,,,,ocr,"OCR of हिन्दी–हल्बी शब्दकोश, TRTI Raipur (p.15) — verify"
pdf0037,वाज । आगदंतार,,।40.।. आ,,,,ocr,"OCR of हिन्दी–हल्बी शब्दकोश, TRTI Raipur (p.15) — verify"
pdf0038,"ड , आया । डला। डला",,[4िप.। आ,,,,ocr,"OCR of हिन्दी–हल्बी शब्दकोश, TRTI Raipur (p.15) — verify"
pdf0039,यहा 'डलासास,,4ि2. आ,,,,ocr,"OCR of हिन्दी–हल्बी शब्दकोश, TRTI Raipur (p.15) — verify"
pdf0040,आ । या,,॥43.। आ,,,,ocr,"OCR of हिन्दी–हल्बी शब्दकोश, TRTI Raipur (p.15) — verify"
pdf0041,ना । ड्आ,,।4ि4. . आ,,,,ocr,"OCR of हिन्दी–हल्बी शब्दकोश, TRTI Raipur (p.15) — verify"
pdf0042,।. आम ी आ,,45,,,,ocr,"OCR of हिन्दी–हल्बी शब्दकोश, TRTI Raipur (p.16) — verify"
pdf0043,।. आए ी 'एद,,46,,,,ocr,"OCR of हिन्दी–हल्बी शब्दकोश, TRTI Raipur (p.16) — verify"
pdf0044,।. आवाज ी गर,,47,,,,ocr,"OCR of हिन्दी–हल्बी शब्दकोश, TRTI Raipur (p.16) — verify"
pdf0045,आवश्यक । गज,,4.8,,,,ocr,"OCR of हिन्दी–हल्बी शब्दकोश, TRTI Raipur (p.16) — verify"
pdf0046,।. आए । सह,,49,,,,ocr,"OCR of हिन्दी–हल्बी शब्दकोश, TRTI Raipur (p.16) — verify"
pdf0047,।. आसपास ी पल,,50,,,,ocr,"OCR of हिन्दी–हल्बी शब्दकोश, TRTI Raipur (p.16) — verify"
pdf0048,आदमा मन । मन,,57,,,,ocr,"OCR of हिन्दी–हल्बी शब्दकोश, TRTI Raipur (p.16) — verify"
pdf0049,आबादा । रत,,52,,,,ocr,"OCR of हिन्दी–हल्बी शब्दकोश, TRTI Raipur (p.16) — verify"
pdf0050,।. आजा राजा । डर,,[53,,,,ocr,"OCR of हिन्दी–हल्बी शब्दकोश, TRTI Raipur (p.16) — verify"
pdf0051,आजादी मत छिनना बंट,,- 54,,,,ocr,"OCR of हिन्दी–हल्बी शब्दकोश, TRTI Raipur (p.16) — verify"
pdf0052,आठपैरो वाला मकडामिला आ,,(55,,,,ocr,"OCR of हिन्दी–हल्बी शब्दकोश, TRTI Raipur (p.16) — verify"
pdf0053,आश्चय चाकतत । भभट,,56,,,,ocr,"OCR of हिन्दी–हल्बी शब्दकोश, TRTI Raipur (p.16) — verify"
pdf0054,।. आम रसाल आ,,57,,,,ocr,"OCR of हिन्दी–हल्बी शब्दकोश, TRTI Raipur (p.16) — verify"
pdf0055,।. आसमान सस,,! 58,,,,ocr,"OCR of हिन्दी–हल्बी शब्दकोश, TRTI Raipur (p.16) — verify"
pdf0056,आराम [ बे,,]59,,,,ocr,"OCR of हिन्दी–हल्बी शब्दकोश, TRTI Raipur (p.16) — verify"
pdf0057,।. आर [ बा,,! 60,,,,ocr,"OCR of हिन्दी–हल्बी शब्दकोश, TRTI Raipur (p.16) — verify"
pdf0058,ओखली में धान को,,(67,,,,ocr,"OCR of हिन्दी–हल्बी शब्दकोश, TRTI Raipur (p.16) — verify"
pdf0059,।. आर ी आ,,62,,,,ocr,"OCR of हिन्दी–हल्बी शब्दकोश, TRTI Raipur (p.16) — verify"
pdf0060,औरत । बा,,(63,,,,ocr,"OCR of हिन्दी–हल्बी शब्दकोश, TRTI Raipur (p.16) — verify"
pdf0061,औरत / स्त्री मेह,,! (64,,,,ocr,"OCR of हिन्दी–हल्बी शब्दकोश, TRTI Raipur (p.16) — verify"
pdf0062,।. इनका 'एत्,,6 5,,,,ocr,"OCR of हिन्दी–हल्बी शब्दकोश, TRTI Raipur (p.16) — verify"
pdf0063,।. इनक [ 'एत्,,! 66,,,,ocr,"OCR of हिन्दी–हल्बी शब्दकोश, TRTI Raipur (p.16) — verify"
pdf0064,,,आदिम,,,,ocr,"OCR of हिन्दी–हल्बी शब्दकोश, TRTI Raipur (p.16) — verify"
pdf0065,इसी को बोलते है एकेय बो,,हि. . ',,,,ocr,"OCR of हिन्दी–हल्बी शब्दकोश, TRTI Raipur (p.17) — verify"
pdf0066,डकटठा ी रूडा,,69.]. ',,,,ocr,"OCR of हिन्दी–हल्बी शब्दकोश, TRTI Raipur (p.17) — verify"
pdf0067,डतवार । रयवार,,[0.],,,,ocr,"OCR of हिन्दी–हल्बी शब्दकोश, TRTI Raipur (p.17) — verify"
pdf0068,डसका । ण्चा,,पिग.],,,,ocr,"OCR of हिन्दी–हल्बी शब्दकोश, TRTI Raipur (p.17) — verify"
pdf0069,डधर उधर ी एबाट उः,,[73.],,,,ocr,"OCR of हिन्दी–हल्बी शब्दकोश, TRTI Raipur (p.17) — verify"
pdf0070,उडासा प्रदेश । आाडयान,,[ए5.],,,,ocr,"OCR of हिन्दी–हल्बी शब्दकोश, TRTI Raipur (p.17) — verify"
pdf0071,उन लाग । उनमन र,,पि6.।,,,,ocr,"OCR of हिन्दी–हल्बी शब्दकोश, TRTI Raipur (p.17) — verify"
pdf0072,उन लागा । हनमन व,,[8.।],,,,ocr,"OCR of हिन्दी–हल्बी शब्दकोश, TRTI Raipur (p.17) — verify"
pdf0073,उसका हनक,,[9.],,,,ocr,"OCR of हिन्दी–हल्बी शब्दकोश, TRTI Raipur (p.17) — verify"
pdf0074,उसस हनचा,,80,,,,ocr,"OCR of हिन्दी–हल्बी शब्दकोश, TRTI Raipur (p.17) — verify"
pdf0075,उस समय । हन बरा,,82,,,,ocr,"OCR of हिन्दी–हल्बी शब्दकोश, TRTI Raipur (p.17) — verify"
pdf0076,उसी लिए हनीकाज,,(84,,,,ocr,"OCR of हिन्दी–हल्बी शब्दकोश, TRTI Raipur (p.17) — verify"
pdf0077,की कलिन्दी - एज,,नि ककक तालिका 5 2,,,,ocr,"OCR of हिन्दी–हल्बी शब्दकोश, TRTI Raipur (p.18) — verify"
pdf0078,] सन: लग्म ना ],,।89. । उतना समय,,,,ocr,"OCR of हिन्दी–हल्बी शब्दकोश, TRTI Raipur (p.18) — verify"
pdf0079,"सास, छनलर",,॥90. । उसका,,,,ocr,"OCR of हिन्दी–हल्बी शब्दकोश, TRTI Raipur (p.18) — verify"
pdf0080,हनमनघषा,,92. । उन लागा का,,,,ocr,"OCR of हिन्दी–हल्बी शब्दकोश, TRTI Raipur (p.18) — verify"
pdf0081,रे आओरंख सगे,,93. उत्साह के सा,,,,ocr,"OCR of हिन्दी–हल्बी शब्दकोश, TRTI Raipur (p.18) — verify"
pdf0082,'उतले परारनततों रनयता,,[94 . । उपजाउ,,,,ocr,"OCR of हिन्दी–हल्बी शब्दकोश, TRTI Raipur (p.18) — verify"
pdf0083,खिलाया,,95. । उडल,,,,ocr,"OCR of हिन्दी–हल्बी शब्दकोश, TRTI Raipur (p.18) — verify"
pdf0084,छोगा काकस्त पीला पकोगगण,,9७. उगात,,,,ocr,"OCR of हिन्दी–हल्बी शब्दकोश, TRTI Raipur (p.18) — verify"
pdf0085,स्तन तप,,(97. उसके बाद,,,,ocr,"OCR of हिन्दी–हल्बी शब्दकोश, TRTI Raipur (p.18) — verify"
pdf0086,नमन गा कयामप्णय,,98. । उम्र,,,,ocr,"OCR of हिन्दी–हल्बी शब्दकोश, TRTI Raipur (p.18) — verify"
pdf0087,उप,,99. । उसकी,,,,ocr,"OCR of हिन्दी–हल्बी शब्दकोश, TRTI Raipur (p.18) — verify"
pdf0088,की कक लिता पु,,॥00.] उधार,,,,ocr,"OCR of हिन्दी–हल्बी शब्दकोश, TRTI Raipur (p.18) — verify"
pdf0089,धन िकामयाायण रण,,॥07. उपज,,,,ocr,"OCR of हिन्दी–हल्बी शब्दकोश, TRTI Raipur (p.18) — verify"
pdf0090,ध् एएए्गएए।,,।।02. उड़ता,,,,ocr,"OCR of हिन्दी–हल्बी शब्दकोश, TRTI Raipur (p.18) — verify"
pdf0091,«छाए पा,,॥0उ.। उगा,,,,ocr,"OCR of हिन्दी–हल्बी शब्दकोश, TRTI Raipur (p.18) — verify"
pdf0092,मत काकावनता अनाथ । बा,,न,,,,ocr,"OCR of हिन्दी–हल्बी शब्दकोश, TRTI Raipur (p.18) — verify"
pdf0093,) दी,,। 04 . . उजाला,,,,ocr,"OCR of हिन्दी–हल्बी शब्दकोश, TRTI Raipur (p.18) — verify"
pdf0094,न । हि,,05.] उछल कद,,,,ocr,"OCR of हिन्दी–हल्बी शब्दकोश, TRTI Raipur (p.18) — verify"
pdf0095,वन पा लिन हैं,,किए वुरतटुटशलममलतनमन,,,,ocr,"OCR of हिन्दी–हल्बी शब्दकोश, TRTI Raipur (p.18) — verify"
pdf0096,नपपप्पणणणणणा ा'ा ।,,'06 . उदास,,,,ocr,"OCR of हिन्दी–हल्बी शब्दकोश, TRTI Raipur (p.18) — verify"
pdf0097,सिपार् मै,,कि,,,,ocr,"OCR of हिन्दी–हल्बी शब्दकोश, TRTI Raipur (p.18) — verify"
pdf0098,नया ।,,0५/. ] उपयोग,,,,ocr,"OCR of हिन्दी–हल्बी शब्दकोश, TRTI Raipur (p.18) — verify"
pdf0099,न सिसित थे,,गा,,,,ocr,"OCR of हिन्दी–हल्बी शब्दकोश, TRTI Raipur (p.18) — verify"
pdf0100,नि 7 फेरेस क,,१४ . उपाय सोचने लगे,,,,ocr,"OCR of हिन्दी–हल्बी शब्दकोश, TRTI Raipur (p.18) — verify"
pdf0101,-द्धराएय,,नि,,,,ocr,"OCR of हिन्दी–हल्बी शब्दकोश, TRTI Raipur (p.18) — verify"
pdf0102,नए गधे भरपस्ता कक,,',,,,ocr,"OCR of हिन्दी–हल्बी शब्दकोश, TRTI Raipur (p.18) — verify"
pdf0103,गप््पणणणणणण जे,,कललललयललकननगयाययायायवययनााा,,,,ocr,"OCR of हिन्दी–हल्बी शब्दकोश, TRTI Raipur (p.18) — verify"
pdf0104,पान व,,,,,,ocr,"OCR of हिन्दी–हल्बी शब्दकोश, TRTI Raipur (p.18) — verify"
pdf0105,ककनननणणणयल्‍यययणणणणणणणणण,,,,,,ocr,"OCR of हिन्दी–हल्बी शब्दकोश, TRTI Raipur (p.18) — verify"
pdf0106,पा अनलि,,,,,,ocr,"OCR of हिन्दी–हल्बी शब्दकोश, TRTI Raipur (p.19) — verify"
pdf0107,फेनेबल्ाएएपयजप््द् वि,,किघ्पु,,,,ocr,"OCR of हिन्दी–हल्बी शब्दकोश, TRTI Raipur (p.19) — verify"
pdf0108,हिन्दी वाक्य ्क्य्ड,,छिप,,,,ocr,"OCR of हिन्दी–हल्बी शब्दकोश, TRTI Raipur (p.19) — verify"
pdf0109,लग: जा,,पि,,,,ocr,"OCR of हिन्दी–हल्बी शब्दकोश, TRTI Raipur (p.19) — verify"
pdf0110,ऊर्चोई प््पा्णस्ट,,कि,,,,ocr,"OCR of हिन्दी–हल्बी शब्दकोश, TRTI Raipur (p.19) — verify"
pdf0111,जेन्नलडानाण्इ्डे--- य,,व3ि. ',,,,ocr,"OCR of हिन्दी–हल्बी शब्दकोश, TRTI Raipur (p.19) — verify"
pdf0112,एक गटठा लकी एप्स,,"(4, ह",,,,ocr,"OCR of हिन्दी–हल्बी शब्दकोश, TRTI Raipur (p.19) — verify"
pdf0113,अन्न... उपर सइ। पाइप,,॥5.] ',,,,ocr,"OCR of हिन्दी–हल्बी शब्दकोश, TRTI Raipur (p.19) — verify"
pdf0114,एक . डंडा,,ऋ.. 6. 7,,,,ocr,"OCR of हिन्दी–हल्बी शब्दकोश, TRTI Raipur (p.19) — verify"
pdf0115,एकही । गोलक दर,,है ए,,,,ocr,"OCR of हिन्दी–हल्बी शब्दकोश, TRTI Raipur (p.19) — verify"
pdf0116,एक जगला फूलदार झाडी ऐ रान चो फल,,है 9. पं,,,,ocr,"OCR of हिन्दी–हल्बी शब्दकोश, TRTI Raipur (p.19) — verify"
pdf0117,"एफ ,आइ .आर पलास ने रपट",,ह.. १8.] 0,,,,ocr,"OCR of हिन्दी–हल्बी शब्दकोश, TRTI Raipur (p.19) — verify"
pdf0118,एक काली सी गोटोक करिया २,,॥. 20.],,,,ocr,"OCR of हिन्दी–हल्बी शब्दकोश, TRTI Raipur (p.19) — verify"
pdf0119,सा / ऐसी ... असनी,,॥ !.],,,,ocr,"OCR of हिन्दी–हल्बी शब्दकोश, TRTI Raipur (p.19) — verify"
pdf0120,एनक । चश्मा,,रे 2,,,,ocr,"OCR of हिन्दी–हल्बी शब्दकोश, TRTI Raipur (p.19) — verify"
pdf0121,फर । करता,,हे 3.] 7,,,,ocr,"OCR of हिन्दी–हल्बी शब्दकोश, TRTI Raipur (p.19) — verify"
pdf0122,कहा । आल बला,,हे .।,,,,ocr,"OCR of हिन्दी–हल्बी शब्दकोश, TRTI Raipur (p.19) — verify"
pdf0123,फहते हैं 'बलआत,,ब. ;.] 7,,,,ocr,"OCR of हिन्दी–हल्बी शब्दकोश, TRTI Raipur (p.19) — verify"
pdf0124,फ्रमरा । बाखरा,,।,,,,ocr,"OCR of हिन्दी–हल्बी शब्दकोश, TRTI Raipur (p.19) — verify"
pdf0125,क्रपडा । फट,,जे री!,,,,ocr,"OCR of हिन्दी–हल्बी शब्दकोश, TRTI Raipur (p.19) — verify"
pdf0126,कपड़ा पहनने का विशेष गाता,,ही दा,,,,ocr,"OCR of हिन्दी–हल्बी शब्दकोश, TRTI Raipur (p.19) — verify"
pdf0127,ढंग प्रकार,,ही दा,,,,ocr,"OCR of हिन्दी–हल्बी शब्दकोश, TRTI Raipur (p.19) — verify"
pdf0128,कटा । गादला,,व. उ,,,,ocr,"OCR of हिन्दी–हल्बी शब्दकोश, TRTI Raipur (p.19) — verify"
pdf0129,करत । करता,,नी,,,,ocr,"OCR of हिन्दी–हल्बी शब्दकोश, TRTI Raipur (p.19) — verify"
pdf0130,कहा बलला,,न,,,,ocr,"OCR of हिन्दी–हल्बी शब्दकोश, TRTI Raipur (p.19) — verify"
pdf0131,कहा फ्या / फाहा,,। । दि,,,,ocr,"OCR of हिन्दी–हल्बी शब्दकोश, TRTI Raipur (p.19) — verify"
pdf0132,। कभा । कब,,32,,,,ocr,"OCR of हिन्दी–हल्बी शब्दकोश, TRTI Raipur (p.20) — verify"
pdf0133,। करा । कर,,। 33,,,,ocr,"OCR of हिन्दी–हल्बी शब्दकोश, TRTI Raipur (p.20) — verify"
pdf0134,। करगा । कर,,। 34,,,,ocr,"OCR of हिन्दी–हल्बी शब्दकोश, TRTI Raipur (p.20) — verify"
pdf0135,। फकंब हआ कब,,। 35,,,,ocr,"OCR of हिन्दी–हल्बी शब्दकोश, TRTI Raipur (p.20) — verify"
pdf0136,] कल [ का,,' 36,,,,ocr,"OCR of हिन्दी–हल्बी शब्दकोश, TRTI Raipur (p.20) — verify"
pdf0137,। करना । कर,,। 37,,,,ocr,"OCR of हिन्दी–हल्बी शब्दकोश, TRTI Raipur (p.20) — verify"
pdf0138,'कडाही / पतीली कुए,,ः 38,,,,ocr,"OCR of हिन्दी–हल्बी शब्दकोश, TRTI Raipur (p.20) — verify"
pdf0139,। कब ी कब,,39,,,,ocr,"OCR of हिन्दी–हल्बी शब्दकोश, TRTI Raipur (p.20) — verify"
pdf0140,। करते है 'कर,,! 40,,,,ocr,"OCR of हिन्दी–हल्बी शब्दकोश, TRTI Raipur (p.20) — verify"
pdf0141,करता हू कर,,। 4,,,,ocr,"OCR of हिन्दी–हल्बी शब्दकोश, TRTI Raipur (p.20) — verify"
pdf0142,। करना कर,,। 42,,,,ocr,"OCR of हिन्दी–हल्बी शब्दकोश, TRTI Raipur (p.20) — verify"
pdf0143,। काय । बत,,॥43,,,,ocr,"OCR of हिन्दी–हल्बी शब्दकोश, TRTI Raipur (p.20) — verify"
pdf0144,]. कटाया । कट,,तर 44,,,,ocr,"OCR of हिन्दी–हल्बी शब्दकोश, TRTI Raipur (p.20) — verify"
pdf0145,। कहा ी बल,,कं. ॥45,,,,ocr,"OCR of हिन्दी–हल्बी शब्दकोश, TRTI Raipur (p.20) — verify"
pdf0146,। कसम गक,,46,,,,ocr,"OCR of हिन्दी–हल्बी शब्दकोश, TRTI Raipur (p.20) — verify"
pdf0147,। कब तक । कल,,दर 47,,,,ocr,"OCR of हिन्दी–हल्बी शब्दकोश, TRTI Raipur (p.20) — verify"
pdf0148,। करके ी कर,,दर 48,,,,ocr,"OCR of हिन्दी–हल्बी शब्दकोश, TRTI Raipur (p.20) — verify"
pdf0149,। करता है 'कर,,[ 49,,,,ocr,"OCR of हिन्दी–हल्बी शब्दकोश, TRTI Raipur (p.20) — verify"
pdf0150,कार्यवाही का,,ही 50,,,,ocr,"OCR of हिन्दी–हल्बी शब्दकोश, TRTI Raipur (p.20) — verify"
pdf0151,। कपाट [ बस,,57,,,,ocr,"OCR of हिन्दी–हल्बी शब्दकोश, TRTI Raipur (p.20) — verify"
pdf0152,। कब स [ कल,,है 52,,,,ocr,"OCR of हिन्दी–हल्बी शब्दकोश, TRTI Raipur (p.20) — verify"
pdf0153,।. कमा । घाः,,॥53,,,,ocr,"OCR of हिन्दी–हल्बी शब्दकोश, TRTI Raipur (p.20) — verify"
pdf0154,,,(... धद,,,,ocr,"OCR of हिन्दी–हल्बी शब्दकोश, TRTI Raipur (p.20) — verify"
pdf0155,फ्राठनाइ स 'लट-पट,,54.] 7,,,,ocr,"OCR of हिन्दी–हल्बी शब्दकोश, TRTI Raipur (p.21) — verify"
pdf0156,कत्ल किया हो मारलिरस,,55,,,,ocr,"OCR of हिन्दी–हल्बी शब्दकोश, TRTI Raipur (p.21) — verify"
pdf0157,क्भा - कभा । कब - व,,5,,,,ocr,"OCR of हिन्दी–हल्बी शब्दकोश, TRTI Raipur (p.21) — verify"
pdf0158,क्वतर । परया,,59.] 7,,,,ocr,"OCR of हिन्दी–हल्बी शब्दकोश, TRTI Raipur (p.21) — verify"
pdf0159,करती हैं 'करूआंर,,63. 7,,,,ocr,"OCR of हिन्दी–हल्बी शब्दकोश, TRTI Raipur (p.21) — verify"
pdf0160,क्रहावत । कहका,,64.] ',,,,ocr,"OCR of हिन्दी–हल्बी शब्दकोश, TRTI Raipur (p.21) — verify"
pdf0161,काटा / काटना । गादतार,,67. !,,,,ocr,"OCR of हिन्दी–हल्बी शब्दकोश, TRTI Raipur (p.21) — verify"
pdf0162,फ़ाटते है । गोंदआत,,१68. !,,,,ocr,"OCR of हिन्दी–हल्बी शब्दकोश, TRTI Raipur (p.21) — verify"
pdf0163,काटता ह । गादआय,,69.],,,,ocr,"OCR of हिन्दी–हल्बी शब्दकोश, TRTI Raipur (p.21) — verify"
pdf0164,क्ापस । रू,,विए3.। ',,,,ocr,"OCR of हिन्दी–हल्बी शब्दकोश, TRTI Raipur (p.21) — verify"
pdf0165,काली बिल्ली करेया,,75,,,,ocr,"OCR of हिन्दी–हल्बी शब्दकोश, TRTI Raipur (p.21) — verify"
pdf0166,ता । कसन,,477.। कर,,,,ocr,"OCR of हिन्दी–हल्बी शब्दकोश, TRTI Raipur (p.22) — verify"
pdf0167,रो । काचा,,78.] कान,,,,ocr,"OCR of हिन्दी–हल्बी शब्दकोश, TRTI Raipur (p.22) — verify"
pdf0168,लय काज,,॥479.] कैप,,,,ocr,"OCR of हिन्दी–हल्बी शब्दकोश, TRTI Raipur (p.22) — verify"
pdf0169,पा । करा,,[80 .। कल,,,,ocr,"OCR of हिन्दी–हल्बी शब्दकोश, TRTI Raipur (p.22) — verify"
pdf0170,डे ी कान,,87. काइ,,,,ocr,"OCR of हिन्दी–हल्बी शब्दकोश, TRTI Raipur (p.22) — verify"
pdf0171,ना । कावरा,,482. काए,,,,ocr,"OCR of हिन्दी–हल्बी शब्दकोश, TRTI Raipur (p.22) — verify"
pdf0172,पल । कायला,,]83 .।. कार,,,,ocr,"OCR of हिन्दी–हल्बी शब्दकोश, TRTI Raipur (p.22) — verify"
pdf0173,है कोन आय,,*.. 84.] कौन,,,,ocr,"OCR of हिन्दी–हल्बी शब्दकोश, TRTI Raipur (p.22) — verify"
pdf0174,वार । कत्तवाल,,85.] काट,,,,ocr,"OCR of हिन्दी–हल्बी शब्दकोश, TRTI Raipur (p.22) — verify"
pdf0175,दा । कादा,,]86 .। काट,,,,ocr,"OCR of हिन्दी–हल्बी शब्दकोश, TRTI Raipur (p.22) — verify"
pdf0176,ला । कायला,,87 .।. कार,,,,ocr,"OCR of हिन्दी–हल्बी शब्दकोश, TRTI Raipur (p.22) — verify"
pdf0177,मल । गलगला,,॥88.। का,,,,ocr,"OCR of हिन्दी–हल्बी शब्दकोश, TRTI Raipur (p.22) — verify"
pdf0178,भो के बीच कांवरा मन चो मर,,ा 89. कौः,,,,ocr,"OCR of हिन्दी–हल्बी शब्दकोश, TRTI Raipur (p.22) — verify"
pdf0179,भा नहीं बन जाता कावंरा नी हआ,,ही ५90. कौ,,,,ocr,"OCR of हिन्दी–हल्बी शब्दकोश, TRTI Raipur (p.22) — verify"
pdf0180,घ्रड । गचचखल,,9]. । का,,,,ocr,"OCR of हिन्दी–हल्बी शब्दकोश, TRTI Raipur (p.22) — verify"
pdf0181,] क,,]92.। का,,,,ocr,"OCR of हिन्दी–हल्बी शब्दकोश, TRTI Raipur (p.22) — verify"
pdf0182,पान । खताहार,,ः 93 .। किस,,,,ocr,"OCR of हिन्दी–हल्बी शब्दकोश, TRTI Raipur (p.22) — verify"
pdf0183,पा । करला,,। 94.। किस,,,,ocr,"OCR of हिन्दी–हल्बी शब्दकोश, TRTI Raipur (p.22) — verify"
pdf0184,स चवस्त,,95 .। कर,,,,ocr,"OCR of हिन्दी–हल्बी शब्दकोश, TRTI Raipur (p.22) — verify"
pdf0185,सन कान,,।496 .। कर,,,,ocr,"OCR of हिन्दी–हल्बी शब्दकोश, TRTI Raipur (p.22) — verify"
pdf0186,पा काना,,॥97 .] कक,,,,ocr,"OCR of हिन्दी–हल्बी शब्दकोश, TRTI Raipur (p.22) — verify"
pdf0187,या है करली से,,498.। कि,,,,ocr,"OCR of हिन्दी–हल्बी शब्दकोश, TRTI Raipur (p.23) — verify"
pdf0188,तना [ गकतला । गकत,,[99.] गक,,,,ocr,"OCR of हिन्दी–हल्बी शब्दकोश, TRTI Raipur (p.23) — verify"
pdf0189,सके / किसको कोचो,,।200.। कि,,,,ocr,"OCR of हिन्दी–हल्बी शब्दकोश, TRTI Raipur (p.23) — verify"
pdf0190,सी का कोचई,,[20.। कि,,,,ocr,"OCR of हिन्दी–हल्बी शब्दकोश, TRTI Raipur (p.23) — verify"
pdf0191,सका । काचा । काक,,202.। कक,,,,ocr,"OCR of हिन्दी–हल्बी शब्दकोश, TRTI Raipur (p.23) — verify"
pdf0192,तन ग फकतला,,र [203.] कक,,,,ocr,"OCR of हिन्दी–हल्बी शब्दकोश, TRTI Raipur (p.23) — verify"
pdf0193,ताब ग गकताप,,। [204. क,,,,ocr,"OCR of हिन्दी–हल्बी शब्दकोश, TRTI Raipur (p.23) — verify"
pdf0194,तनी है कितलो आय,,।205.। कि,,,,ocr,"OCR of हिन्दी–हल्बी शब्दकोश, TRTI Raipur (p.23) — verify"
pdf0195,सके काचो,,।[206.। कि,,,,ocr,"OCR of हिन्दी–हल्बी शब्दकोश, TRTI Raipur (p.23) — verify"
pdf0196,समे । कायन,,। 207.। पके,,,,ocr,"OCR of हिन्दी–हल्बी शब्दकोश, TRTI Raipur (p.23) — verify"
pdf0197,लो किलो,,[208.। कि,,,,ocr,"OCR of हिन्दी–हल्बी शब्दकोश, TRTI Raipur (p.23) — verify"
pdf0198,तने फैकेतलों,,[209.] के,,,,ocr,"OCR of हिन्दी–हल्बी शब्दकोश, TRTI Raipur (p.23) — verify"
pdf0199,लोमीटर मील,,। [20. कि,,,,ocr,"OCR of हिन्दी–हल्बी शब्दकोश, TRTI Raipur (p.23) — verify"
pdf0200,मत ी माल,,ी ।2. । फेक,,,,ocr,"OCR of हिन्दी–हल्बी शब्दकोश, TRTI Raipur (p.23) — verify"
pdf0201,तत मात्र,,[ 2]2. कक,,,,ocr,"OCR of हिन्दी–हल्बी शब्दकोश, TRTI Raipur (p.23) — verify"
pdf0202,रणों बेर चो उजर,,।273. कि,,,,ocr,"OCR of हिन्दी–हल्बी शब्दकोश, TRTI Raipur (p.23) — verify"
pdf0203,नारे - किनारे रेटे - रेटे,,244.. कि,,,,ocr,"OCR of हिन्दी–हल्बी शब्दकोश, TRTI Raipur (p.23) — verify"
pdf0204,प्‌ [ बाच रान,,। [25. क,,,,ocr,"OCR of हिन्दी–हल्बी शब्दकोश, TRTI Raipur (p.23) — verify"
pdf0205,कूँ्कूँ . कूँकूँकूँ,,[26 . कूँ,,,,ocr,"OCR of हिन्दी–हल्बी शब्दकोश, TRTI Raipur (p.23) — verify"
pdf0206,ए चआ,,। [27. क,,,,ocr,"OCR of हिन्दी–हल्बी शब्दकोश, TRTI Raipur (p.23) — verify"
pdf0207,दाला ी गता,,। 28 . । क,,,,ocr,"OCR of हिन्दी–हल्बी शब्दकोश, TRTI Raipur (p.23) — verify"
pdf0208,म्हार का बनाया [ कम्हार चा बना,,ग [29.। क,,,,ocr,"OCR of हिन्दी–हल्बी शब्दकोश, TRTI Raipur (p.23) — verify"
pdf0209,,,आदिषजाति अन,,,,ocr,"OCR of हिन्दी–हल्बी शब्दकोश, TRTI Raipur (p.23) — verify"
pdf0210,। क्या कक,,[220,,,,ocr,"OCR of हिन्दी–हल्बी शब्दकोश, TRTI Raipur (p.24) — verify"
pdf0211,। क्या [ का,,227,,,,ocr,"OCR of हिन्दी–हल्बी शब्दकोश, TRTI Raipur (p.24) — verify"
pdf0212,कटते है गका,,(222,,,,ocr,"OCR of हिन्दी–हल्बी शब्दकोश, TRTI Raipur (p.24) — verify"
pdf0213,। कटम्ब पारवार ी कक,,223,,,,ocr,"OCR of हिन्दी–हल्बी शब्दकोश, TRTI Raipur (p.24) — verify"
pdf0214,कृ्वॉर का महीना क,,(224,,,,ocr,"OCR of हिन्दी–हल्बी शब्दकोश, TRTI Raipur (p.24) — verify"
pdf0215,कटा जाता है [ का,,[225,,,,ocr,"OCR of हिन्दी–हल्बी शब्दकोश, TRTI Raipur (p.24) — verify"
pdf0216,। कका ी कक,,226,,,,ocr,"OCR of हिन्दी–हल्बी शब्दकोश, TRTI Raipur (p.24) — verify"
pdf0217,। कटका ी गस,,227,,,,ocr,"OCR of हिन्दी–हल्बी शब्दकोश, TRTI Raipur (p.24) — verify"
pdf0218,कुल्हाड़ा टटग,,[228,,,,ocr,"OCR of हिन्दी–हल्बी शब्दकोश, TRTI Raipur (p.24) — verify"
pdf0219,। कता । कक,,229,,,,ocr,"OCR of हिन्दी–हल्बी शब्दकोश, TRTI Raipur (p.24) — verify"
pdf0220,कदा ड्डा,,।230,,,,ocr,"OCR of हिन्दी–हल्बी शब्दकोश, TRTI Raipur (p.24) — verify"
pdf0221,। कछ [ गर,,237,,,,ocr,"OCR of हिन्दी–हल्बी शब्दकोश, TRTI Raipur (p.24) — verify"
pdf0222,। कछ नहीं था कः,,[232,,,,ocr,"OCR of हिन्दी–हल्बी शब्दकोश, TRTI Raipur (p.24) — verify"
pdf0223,। क्या [ का,,233,,,,ocr,"OCR of हिन्दी–हल्बी शब्दकोश, TRTI Raipur (p.24) — verify"
pdf0224,ककया [ कः,,234,,,,ocr,"OCR of हिन्दी–हल्बी शब्दकोश, TRTI Raipur (p.24) — verify"
pdf0225,क्या बतलाय [ का,,त 235,,,,ocr,"OCR of हिन्दी–हल्बी शब्दकोश, TRTI Raipur (p.24) — verify"
pdf0226,क्यारी - क्‍्यारी ज्डो,,(236,,,,ocr,"OCR of हिन्दी–हल्बी शब्दकोश, TRTI Raipur (p.24) — verify"
pdf0227,। कसा [ कक,,237,,,,ocr,"OCR of हिन्दी–हल्बी शब्दकोश, TRTI Raipur (p.24) — verify"
pdf0228,कर्मचारियों कक,,238,,,,ocr,"OCR of हिन्दी–हल्बी शब्दकोश, TRTI Raipur (p.24) — verify"
pdf0229,। कपकपा कर ी थ,,239,,,,ocr,"OCR of हिन्दी–हल्बी शब्दकोश, TRTI Raipur (p.24) — verify"
pdf0230,। कापन ी थर,,240,,,,ocr,"OCR of हिन्दी–हल्बी शब्दकोश, TRTI Raipur (p.24) — verify"
pdf0231,। खटटा ी पट,,24,,,,ocr,"OCR of हिन्दी–हल्बी शब्दकोश, TRTI Raipur (p.24) — verify"
pdf0232,,,आदिम,,,,ocr,"OCR of हिन्दी–हल्बी शब्दकोश, TRTI Raipur (p.24) — verify"
pdf0233,- . खरगाश पट,,।242,,,,ocr,"OCR of हिन्दी–हल्बी शब्दकोश, TRTI Raipur (p.25) — verify"
pdf0234,।. खदीदते है गे,,244,,,,ocr,"OCR of हिन्दी–हल्बी शब्दकोश, TRTI Raipur (p.25) — verify"
pdf0235,।. खराददार है,,245,,,,ocr,"OCR of हिन्दी–हल्बी शब्दकोश, TRTI Raipur (p.25) — verify"
pdf0236,।. खरादा ह,,247,,,,ocr,"OCR of हिन्दी–हल्बी शब्दकोश, TRTI Raipur (p.25) — verify"
pdf0237,-।. खेरादना है,,248,,,,ocr,"OCR of हिन्दी–हल्बी शब्दकोश, TRTI Raipur (p.25) — verify"
pdf0238,'..। खरादकर है,,।24 9,,,,ocr,"OCR of हिन्दी–हल्बी शब्दकोश, TRTI Raipur (p.25) — verify"
pdf0239,- . खांआं गर,,252,,,,ocr,"OCR of हिन्दी–हल्बी शब्दकोश, TRTI Raipur (p.25) — verify"
pdf0240,-।. खाकर गर्‌,,टि5/2,,,,ocr,"OCR of हिन्दी–हल्बी शब्दकोश, TRTI Raipur (p.25) — verify"
pdf0241,।. खाना गर,,254,,,,ocr,"OCR of हिन्दी–हल्बी शब्दकोश, TRTI Raipur (p.25) — verify"
pdf0242,।. खाला गप,,255,,,,ocr,"OCR of हिन्दी–हल्बी शब्दकोश, TRTI Raipur (p.25) — verify"
pdf0243,।. खानपान गर,,257,,,,ocr,"OCR of हिन्दी–हल्बी शब्दकोश, TRTI Raipur (p.25) — verify"
pdf0244,'.।. खआग नर,,।259,,,,ocr,"OCR of हिन्दी–हल्बी शब्दकोश, TRTI Raipur (p.25) — verify"
pdf0245,खिलौने । रर,,।262,,,,ocr,"OCR of हिन्दी–हल्बी शब्दकोश, TRTI Raipur (p.25) — verify"
pdf0246,-। खडका ह,,26 3,,,,ocr,"OCR of हिन्दी–हल्बी शब्दकोश, TRTI Raipur (p.25) — verify"
pdf0247,,,आदि',,,,ocr,"OCR of हिन्दी–हल्बी शब्दकोश, TRTI Raipur (p.25) — verify"
pdf0248,। ।खचकर ी गझ,,264,,,,ocr,"OCR of हिन्दी–हल्बी शब्दकोश, TRTI Raipur (p.26) — verify"
pdf0249,4. खिलौना पत,,265,,,,ocr,"OCR of हिन्दी–हल्बी शब्दकोश, TRTI Raipur (p.26) — verify"
pdf0250,। खब [ खड,,266,,,,ocr,"OCR of हिन्दी–हल्बी शब्दकोश, TRTI Raipur (p.26) — verify"
pdf0251,। खशा । हा,,267,,,,ocr,"OCR of हिन्दी–हल्बी शब्दकोश, TRTI Raipur (p.26) — verify"
pdf0252,। खखार ा खडः,,68,,,,ocr,"OCR of हिन्दी–हल्बी शब्दकोश, TRTI Raipur (p.26) — verify"
pdf0253,। खदाइ [ ख,,269,,,,ocr,"OCR of हिन्दी–हल्बी शब्दकोश, TRTI Raipur (p.26) — verify"
pdf0254,। खल ी मल,,ए70,,,,ocr,"OCR of हिन्दी–हल्बी शब्दकोश, TRTI Raipur (p.26) — verify"
pdf0255,खेलते खेलते खे।,,2ि7,,,,ocr,"OCR of हिन्दी–हल्बी शब्दकोश, TRTI Raipur (p.26) — verify"
pdf0256,खेती किसानी खे,,(272,,,,ocr,"OCR of हिन्दी–हल्बी शब्दकोश, TRTI Raipur (p.26) — verify"
pdf0257,। खलन ी खः,,273,,,,ocr,"OCR of हिन्दी–हल्बी शब्दकोश, TRTI Raipur (p.26) — verify"
pdf0258,। खेती खे,,274,,,,ocr,"OCR of हिन्दी–हल्बी शब्दकोश, TRTI Raipur (p.26) — verify"
pdf0259,। खौंदेए खो,,भ् 275,,,,ocr,"OCR of हिन्दी–हल्बी शब्दकोश, TRTI Raipur (p.26) — verify"
pdf0260,। खाल [ खर,,276,,,,ocr,"OCR of हिन्दी–हल्बी शब्दकोश, TRTI Raipur (p.26) — verify"
pdf0261,। खट - खट ी 'ढट,,+ 7,,,,ocr,"OCR of हिन्दी–हल्बी शब्दकोश, TRTI Raipur (p.26) — verify"
pdf0262,। गया ी गौट,,278,,,,ocr,"OCR of हिन्दी–हल्बी शब्दकोश, TRTI Raipur (p.26) — verify"
pdf0263,। गय ी 'गेट,,279,,,,ocr,"OCR of हिन्दी–हल्बी शब्दकोश, TRTI Raipur (p.26) — verify"
pdf0264,। गयाह । गाल,,। 80,,,,ocr,"OCR of हिन्दी–हल्बी शब्दकोश, TRTI Raipur (p.26) — verify"
pdf0265,। गयहा ी गौ,,र [28,,,,ocr,"OCR of हिन्दी–हल्बी शब्दकोश, TRTI Raipur (p.26) — verify"
pdf0266,गइ ी गेट,,282,,,,ocr,"OCR of हिन्दी–हल्बी शब्दकोश, TRTI Raipur (p.26) — verify"
pdf0267,-।. गजना क साथ 'गर,,83,,,,ocr,"OCR of हिन्दी–हल्बी शब्दकोश, TRTI Raipur (p.26) — verify"
pdf0268,]. गडाना [ खा,,284,,,,ocr,"OCR of हिन्दी–हल्बी शब्दकोश, TRTI Raipur (p.26) — verify"
pdf0269,। गन्‍न ी डा,,हे ए85,,,,ocr,"OCR of हिन्दी–हल्बी शब्दकोश, TRTI Raipur (p.26) — verify"
pdf0270,,,डे आदिम,,,,ocr,"OCR of हिन्दी–हल्बी शब्दकोश, TRTI Raipur (p.26) — verify"
pdf0271,ला गमला,,।28 6 . । गम,,,,ocr,"OCR of हिन्दी–हल्बी शब्दकोश, TRTI Raipur (p.27) — verify"
pdf0272,गद हराक हराक,,।28 8 . गद,,,,ocr,"OCR of हिन्दी–हल्बी शब्दकोश, TRTI Raipur (p.27) — verify"
pdf0273,म कपड़ा उसम फटड,,।28 9. गर,,,,ocr,"OCR of हिन्दी–हल्बी शब्दकोश, TRTI Raipur (p.27) — verify"
pdf0274,नया । बाट घाट,,90 . गो,,,,ocr,"OCR of हिन्दी–हल्बी शब्दकोश, TRTI Raipur (p.27) — verify"
pdf0275,श्र वाल गावारया,,।294. गा,,,,ocr,"OCR of हिन्दी–हल्बी शब्दकोश, TRTI Raipur (p.27) — verify"
pdf0276,ता गान पगत गावतार,,292. । गार,,,,ocr,"OCR of हिन्दी–हल्बी शब्दकोश, TRTI Raipur (p.27) — verify"
pdf0277,प्र । गाय,,।293.। गार,,,,ocr,"OCR of हिन्दी–हल्बी शब्दकोश, TRTI Raipur (p.27) — verify"
pdf0278,जर । गाजर,,।294.। गा!,,,,ocr,"OCR of हिन्दी–हल्बी शब्दकोश, TRTI Raipur (p.27) — verify"
pdf0279,भा । गाव,,।295.। गा,,,,ocr,"OCR of हिन्दी–हल्बी शब्दकोश, TRTI Raipur (p.27) — verify"
pdf0280,बह गात,,296 .। गोाएं,,,,ocr,"OCR of हिन्दी–हल्बी शब्दकोश, TRTI Raipur (p.27) — verify"
pdf0281,नाओं । 'गिनाव,,।297.] गिर,,,,ocr,"OCR of हिन्दी–हल्बी शब्दकोश, TRTI Raipur (p.27) — verify"
pdf0282,नना । हसाप,,।298 . । उगर,,,,ocr,"OCR of हिन्दी–हल्बी शब्दकोश, TRTI Raipur (p.27) — verify"
pdf0283,ग गर,,।299. गड़,,,,ocr,"OCR of हिन्दी–हल्बी शब्दकोश, TRTI Raipur (p.27) — verify"
pdf0284,सा रास,,।300.। गरें,,,,ocr,"OCR of हिन्दी–हल्बी शब्दकोश, TRTI Raipur (p.27) — verify"
pdf0285,[है टाडरा,,।30. गल,,,,ocr,"OCR of हिन्दी–हल्बी शब्दकोश, TRTI Raipur (p.27) — verify"
pdf0286,द सा,,॥3ि02.। गाय,,,,ocr,"OCR of हिन्दी–हल्बी शब्दकोश, TRTI Raipur (p.27) — verify"
pdf0287,ला गालाइ,,।303. गाए,,,,ocr,"OCR of हिन्दी–हल्बी शब्दकोश, TRTI Raipur (p.27) — verify"
pdf0288,जा 'गजड़ । ककड।,,।304.। गाए,,,,ocr,"OCR of हिन्दी–हल्बी शब्दकोश, TRTI Raipur (p.27) — verify"
pdf0289,है 'खराप,,3ि05.। गद,,,,ocr,"OCR of हिन्दी–हल्बी शब्दकोश, TRTI Raipur (p.27) — verify"
pdf0290,य / गम । गाव,,306.। गाए,,,,ocr,"OCR of हिन्दी–हल्बी शब्दकोश, TRTI Raipur (p.27) — verify"
pdf0291,ं । घर,,।307.! घर,,,,ocr,"OCR of हिन्दी–हल्बी शब्दकोश, TRTI Raipur (p.27) — verify"
pdf0292,ख्वा । घडवा,,[308.] पं,,,,ocr,"OCR of हिन्दी–हल्बी शब्दकोश, TRTI Raipur (p.28) — verify"
pdf0293,र आगन । 'घर-दआर,,।309.] घर,,,,ocr,"OCR of हिन्दी–हल्बी शब्दकोश, TRTI Raipur (p.28) — verify"
pdf0294,रम ी घर न,,।340.] 'घं,,,,ocr,"OCR of हिन्दी–हल्बी शब्दकोश, TRTI Raipur (p.28) — verify"
pdf0295,डा घडा,,34. ।,,,,ocr,"OCR of हिन्दी–हल्बी शब्दकोश, TRTI Raipur (p.28) — verify"
pdf0296,र में औरत कटे बायलेमन घरे,,[372,,,,ocr,"OCR of हिन्दी–हल्बी शब्दकोश, TRTI Raipur (p.28) — verify"
pdf0297,पायल । मरचामारला,,[33.] छ,,,,ocr,"OCR of हिन्दी–हल्बी शब्दकोश, TRTI Raipur (p.28) — verify"
pdf0298,ालय पक्षा । अधमरा चडड,,34.],,,,ocr,"OCR of हिन्दी–हल्बी शब्दकोश, TRTI Raipur (p.28) — verify"
pdf0299,ल गया । गबरला,,भ् [35. छ,,,,ocr,"OCR of हिन्दी–हल्बी शब्दकोश, TRTI Raipur (p.28) — verify"
pdf0300,मंग । बलवा,,36.।,,,,ocr,"OCR of हिन्दी–हल्बी शब्दकोश, TRTI Raipur (p.28) — verify"
pdf0301,म मचाता । हारक उदम न,,37. धर,,,,ocr,"OCR of हिन्दी–हल्बी शब्दकोश, TRTI Raipur (p.28) — verify"
pdf0302,मात ! 'बलातार,,[378.],,,,ocr,"OCR of हिन्दी–हल्बी शब्दकोश, TRTI Raipur (p.28) — verify"
pdf0303,ल जाना । 'बरून गला,,379.] 'छ,,,,ocr,"OCR of हिन्दी–हल्बी शब्दकोश, TRTI Raipur (p.28) — verify"
pdf0304,र ला [ छकनदौया,,[320 .] छ,,,,ocr,"OCR of हिन्दी–हल्बी शब्दकोश, TRTI Raipur (p.28) — verify"
pdf0305,[टी वाली गाडी 'टिगों बिती गा,,[32,,,,ocr,"OCR of हिन्दी–हल्बी शब्दकोश, TRTI Raipur (p.28) — verify"
pdf0306,[ व,,ग 322. । छ,,,,ocr,"OCR of हिन्दी–हल्बी शब्दकोश, TRTI Raipur (p.28) — verify"
pdf0307,र रही है चरेसत,,[323. च्,,,,ocr,"OCR of हिन्दी–हल्बी शब्दकोश, TRTI Raipur (p.28) — verify"
pdf0308,[ढाकर [ चगाउन,,ा [324.] च,,,,ocr,"OCR of हिन्दी–हल्बी शब्दकोश, TRTI Raipur (p.28) — verify"
pdf0309,ढना ी चगतोौर,,ग [325.] रू,,,,ocr,"OCR of हिन्दी–हल्बी शब्दकोश, TRTI Raipur (p.28) — verify"
pdf0310,ढ़ ी चग,,ा ।326.] च्,,,,ocr,"OCR of हिन्दी–हल्बी शब्दकोश, TRTI Raipur (p.28) — verify"
pdf0311,लता हे । रंगसोत,,ा 327.] हू,,,,ocr,"OCR of हिन्दी–हल्बी शब्दकोश, TRTI Raipur (p.28) — verify"
pdf0312,लाते है / हांकते है फांदसोत,,"[328, च्",,,,ocr,"OCR of हिन्दी–हल्बी शब्दकोश, TRTI Raipur (p.28) — verify"
pdf0313,लान । पहेडलों,,[329.] च्,,,,ocr,"OCR of हिन्दी–हल्बी शब्दकोश, TRTI Raipur (p.28) — verify"
pdf0314,ना रगुजाय,,330.] चल,,,,ocr,"OCR of हिन्दी–हल्बी शब्दकोश, TRTI Raipur (p.29) — verify"
pdf0315,रा ी जावा । जा,,33.। चल,,,,ocr,"OCR of हिन्दी–हल्बी शब्दकोश, TRTI Raipur (p.29) — verify"
pdf0316,वाहा [ घारइ,,332.। चर,,,,ocr,"OCR of हिन्दी–हल्बी शब्दकोश, TRTI Raipur (p.29) — verify"
pdf0317,ू । चगला,,।333. चल,,,,ocr,"OCR of हिन्दी–हल्बी शब्दकोश, TRTI Raipur (p.29) — verify"
pdf0318,मी - चली रेंगन - रेंगन,,334. चत्,,,,ocr,"OCR of हिन्दी–हल्बी शब्दकोश, TRTI Raipur (p.29) — verify"
pdf0319,कना ी हारक न बाय],,[835.] चह,,,,ocr,"OCR of हिन्दी–हल्बी शब्दकोश, TRTI Raipur (p.29) — verify"
pdf0320,द्रमा ी जान,,।336.] चन,,,,ocr,"OCR of हिन्दी–हल्बी शब्दकोश, TRTI Raipur (p.29) — verify"
pdf0321,ता ी चरता उबतता,,337.] चर,,,,ocr,"OCR of हिन्दी–हल्बी शब्दकोश, TRTI Raipur (p.29) — verify"
pdf0322,खा ी सत गतता गबत,,।338.। चर,,,,ocr,"OCR of हिन्दी–हल्बी शब्दकोश, TRTI Raipur (p.29) — verify"
pdf0323,र चार,,।339.। चा,,,,ocr,"OCR of हिन्दी–हल्बी शब्दकोश, TRTI Raipur (p.29) — verify"
pdf0324,रागाह ी 'जनवार चराता,,।340.। चा,,,,ocr,"OCR of हिन्दी–हल्बी शब्दकोश, TRTI Raipur (p.29) — verify"
pdf0325,हा ता ी भावल आल,,34.। चा,,,,ocr,"OCR of हिन्दी–हल्बी शब्दकोश, TRTI Raipur (p.29) — verify"
pdf0326,ल करना [ मरयाला,,[342.] चा,,,,ocr,"OCR of हिन्दी–हल्बी शब्दकोश, TRTI Raipur (p.29) — verify"
pdf0327,लू कया मारयालस,,[343.] चा,,,,ocr,"OCR of हिन्दी–हल्बी शब्दकोश, TRTI Raipur (p.29) — verify"
pdf0328,हए ी रला,,344.] चा,,,,ocr,"OCR of हिन्दी–हल्बी शब्दकोश, TRTI Raipur (p.29) — verify"
pdf0329,रो दिशा चारो दिग,,345. चा,,,,ocr,"OCR of हिन्दी–हल्बी शब्दकोश, TRTI Raipur (p.29) — verify"
pdf0330,य । चाहा,,346.। चा,,,,ocr,"OCR of हिन्दी–हल्बी शब्दकोश, TRTI Raipur (p.29) — verify"
pdf0331,चल 'चाऊर,,347.] चा,,,,ocr,"OCR of हिन्दी–हल्बी शब्दकोश, TRTI Raipur (p.29) — verify"
pdf0332,रो तरफ हरियाली... 'जमाय बाटे ला,,348. चा,,,,ocr,"OCR of हिन्दी–हल्बी शब्दकोश, TRTI Raipur (p.29) — verify"
pdf0333,ज ी बाता । समान,,।349.। चा,,,,ocr,"OCR of हिन्दी–हल्बी शब्दकोश, TRTI Raipur (p.29) — verify"
pdf0334,ल. बाज ! छचान,,[350.। चा,,,,ocr,"OCR of हिन्दी–हल्बी शब्दकोश, TRTI Raipur (p.29) — verify"
pdf0335,क । माकडा कद,,।357.। चा,,,,ocr,"OCR of हिन्दी–हल्बी शब्दकोश, TRTI Raipur (p.29) — verify"
pdf0336,घ दिखी जिनीस दखा,,352.। ची,,,,ocr,"OCR of हिन्दी–हल्बी शब्दकोश, TRTI Raipur (p.30) — verify"
pdf0337,वचींव 'का आवाज 'चिव-चांव,,(353. चिं,,,,ocr,"OCR of हिन्दी–हल्बी शब्दकोश, TRTI Raipur (p.30) — verify"
pdf0338,डिया घर चडईघर,,[354.। चि,,,,ocr,"OCR of हिन्दी–हल्बी शब्दकोश, TRTI Raipur (p.30) — verify"
pdf0339,पका हआ [ 'लठकला बाता,,[355 .] च,,,,ocr,"OCR of हिन्दी–हल्बी शब्दकोश, TRTI Raipur (p.30) — verify"
pdf0340,डिया 'चडई,,3ि56. चि,,,,ocr,"OCR of हिन्दी–हल्बी शब्दकोश, TRTI Raipur (p.30) — verify"
pdf0341,गा ग मूसा,,[357.] चह,,,,ocr,"OCR of हिन्दी–हल्बी शब्दकोश, TRTI Raipur (p.30) — verify"
pdf0342,कक । चमन,,358.। चम्,,,,ocr,"OCR of हिन्दी–हल्बी शब्दकोश, TRTI Raipur (p.30) — verify"
pdf0343,नुजा चुनना,,ः [359. चुन,,,,ocr,"OCR of हिन्दी–हल्बी शब्दकोश, TRTI Raipur (p.30) — verify"
pdf0344,चुँग्युं . चुन्चुन्चु,,३360 . चूँ-,,,,ocr,"OCR of हिन्दी–हल्बी शब्दकोश, TRTI Raipur (p.30) — verify"
pdf0345,न । चपरला,,36. चर,,,,ocr,"OCR of हिन्दी–हल्बी शब्दकोश, TRTI Raipur (p.30) — verify"
pdf0346,डा आसार,,362.] चो,,,,ocr,"OCR of हिन्दी–हल्बी शब्दकोश, TRTI Raipur (p.30) — verify"
pdf0347,रा [ चारला / चार,,[363.। चा,,,,ocr,"OCR of हिन्दी–हल्बी शब्दकोश, TRTI Raipur (p.30) — verify"
pdf0348,डना ी छाडला,,[364.। चा,,,,ocr,"OCR of हिन्दी–हल्बी शब्दकोश, TRTI Raipur (p.30) — verify"
pdf0349,अप - छप ी 'उल्दल - पत्द,,-... ।365.] छाण,,,,ocr,"OCR of हिन्दी–हल्बी शब्दकोश, TRTI Raipur (p.30) — verify"
pdf0350,न - छम । छम - छम,,।366.। छाप,,,,ocr,"OCR of हिन्दी–हल्बी शब्दकोश, TRTI Raipur (p.30) — verify"
pdf0351,पर का फकनारा [ आछना कटा,,हर 367.] छा,,,,ocr,"OCR of हिन्दी–हल्बी शब्दकोश, TRTI Raipur (p.30) — verify"
pdf0352,या छाय,,368.] छा,,,,ocr,"OCR of हिन्दी–हल्बी शब्दकोश, TRTI Raipur (p.30) — verify"
pdf0353,या बहत घनी है खुबे छाए आसे,,369. छा,,,,ocr,"OCR of हिन्दी–हल्बी शब्दकोश, TRTI Raipur (p.30) — verify"
pdf0354,पा कर । 'लकाउन,,[370.। 7छ,,,,ocr,"OCR of हिन्दी–हल्बी शब्दकोश, TRTI Raipur (p.30) — verify"
pdf0355,का ा सका । चिंगड,,हे [37. 7छ,,,,ocr,"OCR of हिन्दी–हल्बी शब्दकोश, TRTI Raipur (p.30) — verify"
pdf0356,चाप ी आगाय,,[372. छा,,,,ocr,"OCR of हिन्दी–हल्बी शब्दकोश, TRTI Raipur (p.30) — verify"
pdf0357,डटा ी छ्टी,,373.। छा,,,,ocr,"OCR of हिन्दी–हल्बी शब्दकोश, TRTI Raipur (p.30) — verify"
pdf0358,ाटा घडा । माटा काडा,,[374.] छ,,,,ocr,"OCR of हिन्दी–हल्बी शब्दकोश, TRTI Raipur (p.31) — verify"
pdf0359,ड दिये छाड़न दिला,,375. ] छ,,,,ocr,"OCR of हिन्दी–हल्बी शब्दकोश, TRTI Raipur (p.31) — verify"
pdf0360,ाड । छाड,,।376.] छ,,,,ocr,"OCR of हिन्दी–हल्बी शब्दकोश, TRTI Raipur (p.31) — verify"
pdf0361,"'डना , छाड 'छडतार , छाड",,[377.] छ,,,,ocr,"OCR of हिन्दी–हल्बी शब्दकोश, TRTI Raipur (p.31) — verify"
pdf0362,टांगो वाली चिटी मिली छै गोड बिती,,378,,,,ocr,"OCR of हिन्दी–हल्बी शब्दकोश, TRTI Raipur (p.31) — verify"
pdf0363,[टा घडा । नाना हाडा,,[379.] छ,,,,ocr,"OCR of हिन्दी–हल्बी शब्दकोश, TRTI Raipur (p.31) — verify"
pdf0364,गटा मिटटी बर्तन / हकी पोरा कोठिड,,[380.] छ,,,,ocr,"OCR of हिन्दी–हल्बी शब्दकोश, TRTI Raipur (p.31) — verify"
pdf0365,ब्लन का ।,,। । र,,,,ocr,"OCR of हिन्दी–हल्बी शब्दकोश, TRTI Raipur (p.31) — verify"
pdf0366,पेटी । नाना असन,,। [387.] छ,,,,ocr,"OCR of हिन्दी–हल्बी शब्दकोश, TRTI Raipur (p.31) — verify"
pdf0367,रमकाटा । नाप ताला,,। 382.। घ,,,,ocr,"OCR of हिन्दी–हल्बी शब्दकोश, TRTI Raipur (p.31) — verify"
pdf0368,रता । भड,,। ।383.। ध,,,,ocr,"OCR of हिन्दी–हल्बी शब्दकोश, TRTI Raipur (p.31) — verify"
pdf0369,नष बनाता । धन बनाला,,। [384.] ध,,,,ocr,"OCR of हिन्दी–हल्बी शब्दकोश, TRTI Raipur (p.31) — verify"
pdf0370,गरज धरना असतार ल,,। [385.। ध,,,,ocr,"OCR of हिन्दी–हल्बी शब्दकोश, TRTI Raipur (p.31) — verify"
pdf0371,मी घिरे,,386. ्ध,,,,ocr,"OCR of हिन्दी–हल्बी शब्दकोश, TRTI Raipur (p.31) — verify"
pdf0372,ल । धरला,,ी [387.। घ,,,,ocr,"OCR of हिन्दी–हल्बी शब्दकोश, TRTI Raipur (p.31) — verify"
pdf0373,य कमरा,,ा [388.। घ,,,,ocr,"OCR of हिन्दी–हल्बी शब्दकोश, TRTI Raipur (p.31) — verify"
pdf0374,गगना । चतला,,[ [389.] ज,,,,ocr,"OCR of हिन्दी–हल्बी शब्दकोश, TRTI Raipur (p.31) — verify"
pdf0375,[लाऊ लकडा । जाय दारू,,ी [390. ज,,,,ocr,"OCR of हिन्दी–हल्बी शब्दकोश, TRTI Raipur (p.31) — verify"
pdf0376,[नसरख्या । जनसख्या,,[ [397.] ज,,,,ocr,"OCR of हिन्दी–हल्बी शब्दकोश, TRTI Raipur (p.31) — verify"
pdf0377,रूरत । काम पडतार,,। [392.] ज,,,,ocr,"OCR of हिन्दी–हल्बी शब्दकोश, TRTI Raipur (p.31) — verify"
pdf0378,मान माटी । भड,,। 393.] ज,,,,ocr,"OCR of हिन्दी–हल्बी शब्दकोश, TRTI Raipur (p.31) — verify"
pdf0379,[लप्रपात घमर,,। [394.] ज,,,,ocr,"OCR of हिन्दी–हल्बी शब्दकोश, TRTI Raipur (p.31) — verify"
pdf0380,'जगल रान / बन,,।395.!,,,,ocr,"OCR of हिन्दी–हल्बी शब्दकोश, TRTI Raipur (p.32) — verify"
pdf0381,जमा । रूडा,,396.।,,,,ocr,"OCR of हिन्दी–हल्बी शब्दकोश, TRTI Raipur (p.32) — verify"
pdf0382,जगह ग ठान,,[397,,,,ocr,"OCR of हिन्दी–हल्बी शब्दकोश, TRTI Raipur (p.32) — verify"
pdf0383,'जहाज । उड़ता ज,,398,,,,ocr,"OCR of हिन्दी–हल्बी शब्दकोश, TRTI Raipur (p.32) — verify"
pdf0384,जला [ पाड़ला,,399.।,,,,ocr,"OCR of हिन्दी–हल्बी शब्दकोश, TRTI Raipur (p.32) — verify"
pdf0385,जलधरा पाना झर,,400,,,,ocr,"OCR of हिन्दी–हल्बी शब्दकोश, TRTI Raipur (p.32) — verify"
pdf0386,जडा का पकड कर झलतह पाड क,,वि,,,,ocr,"OCR of हिन्दी–हल्बी शब्दकोश, TRTI Raipur (p.32) — verify"
pdf0387,'जगना आर जगाना ी जागता उ,,धवि02,,,,ocr,"OCR of हिन्दी–हल्बी शब्दकोश, TRTI Raipur (p.32) — verify"
pdf0388,जाना ] जातार,,॥वि03.],,,,ocr,"OCR of हिन्दी–हल्बी शब्दकोश, TRTI Raipur (p.32) — verify"
pdf0389,जायगा [ जायद 7,,ः वि 04,,,,ocr,"OCR of हिन्दी–हल्बी शब्दकोश, TRTI Raipur (p.32) — verify"
pdf0390,'जानने सिखने जानक /,,405,,,,ocr,"OCR of हिन्दी–हल्बी शब्दकोश, TRTI Raipur (p.32) — verify"
pdf0391,'जाल जाल,,406,,,,ocr,"OCR of हिन्दी–हल्बी शब्दकोश, TRTI Raipur (p.32) — verify"
pdf0392,जात हा जाऊआर,,407,,,,ocr,"OCR of हिन्दी–हल्बी शब्दकोश, TRTI Raipur (p.32) — verify"
pdf0393,जानते है जानआत,,408,,,,ocr,"OCR of हिन्दी–हल्बी शब्दकोश, TRTI Raipur (p.32) — verify"
pdf0394,जात । जात,,409,,,,ocr,"OCR of हिन्दी–हल्बी शब्दकोश, TRTI Raipur (p.32) — verify"
pdf0395,जाकर । जाउन,,धवि0,,,,ocr,"OCR of हिन्दी–हल्बी शब्दकोश, TRTI Raipur (p.32) — verify"
pdf0396,जाआ [ जाहा,,वि,,,,ocr,"OCR of हिन्दी–हल्बी शब्दकोश, TRTI Raipur (p.32) — verify"
pdf0397,जान । जानआय,,।42,,,,ocr,"OCR of हिन्दी–हल्बी शब्दकोश, TRTI Raipur (p.32) — verify"
pdf0398,जानत हा ी जानसास,,4ि3.],,,,ocr,"OCR of हिन्दी–हल्बी शब्दकोश, TRTI Raipur (p.32) — verify"
pdf0399,जाल साजा ी ठगा फार,,विलय,,,,ocr,"OCR of हिन्दी–हल्बी शब्दकोश, TRTI Raipur (p.32) — verify"
pdf0400,'जगाया । उठाला,,वि5.],,,,ocr,"OCR of हिन्दी–हल्बी शब्दकोश, TRTI Raipur (p.32) — verify"
pdf0401,जा । ह्व,,वि6,,,,ocr,"OCR of हिन्दी–हल्बी शब्दकोश, TRTI Raipur (p.32) — verify"
pdf0402,वन जावना,,4ि१7.] ज,,,,ocr,"OCR of हिन्दी–हल्बी शब्दकोश, TRTI Raipur (p.33) — verify"
pdf0403,ता जावता,,॥48.] ज,,,,ocr,"OCR of हिन्दी–हल्बी शब्दकोश, TRTI Raipur (p.33) — verify"
pdf0404,[वन पथ जावना चा,,[49.। ज,,,,ocr,"OCR of हिन्दी–हल्बी शब्दकोश, TRTI Raipur (p.33) — verify"
pdf0405,ततना ी जाततार,,420. ज,,,,ocr,"OCR of हिन्दी–हल्बी शब्दकोश, TRTI Raipur (p.33) — verify"
pdf0406,ततना समय । 'जलदाय,,व2. । एउ,,,,ocr,"OCR of हिन्दी–हल्बी शब्दकोश, TRTI Raipur (p.33) — verify"
pdf0407,से जसन,,422. जि,,,,ocr,"OCR of हिन्दी–हल्बी शब्दकोश, TRTI Raipur (p.33) — verify"
pdf0408,ता पनड,,423 . ज,,,,ocr,"OCR of हिन्दी–हल्बी शब्दकोश, TRTI Raipur (p.33) — verify"
pdf0409,'डना बाघ,,।424. ज,,,,ocr,"OCR of हिन्दी–हल्बी शब्दकोश, TRTI Raipur (p.33) — verify"
pdf0410,वर स ी जार ल,,[426 . ज,,,,ocr,"OCR of हिन्दी–हल्बी शब्दकोश, TRTI Raipur (p.33) — verify"
pdf0411,र से दौडना 'लिलिबाडा,,॥427.] ज,,,,ocr,"OCR of हिन्दी–हल्बी शब्दकोश, TRTI Raipur (p.33) — verify"
pdf0412,गला पश ी रान जनावर,,।428.। ज,,,,ocr,"OCR of हिन्दी–हल्बी शब्दकोश, TRTI Raipur (p.33) — verify"
pdf0413,गल घमन गय [ रान बलक,,[429.] ज,,,,ocr,"OCR of हिन्दी–हल्बी शब्दकोश, TRTI Raipur (p.33) — verify"
pdf0414,गल का आर उडा रान बाट उ,,4ि30.] ज,,,,ocr,"OCR of हिन्दी–हल्बी शब्दकोश, TRTI Raipur (p.33) — verify"
pdf0415,पादा सआगर / अध,,4ि3. जय,,,,ocr,"OCR of हिन्दी–हल्बी शब्दकोश, TRTI Raipur (p.33) — verify"
pdf0416,यार 'जादरा,,4ि32.। जल,,,,ocr,"OCR of हिन्दी–हल्बी शब्दकोश, TRTI Raipur (p.33) — verify"
pdf0417,पादा । खब,,[4ि33.] उन,,,,ocr,"OCR of हिन्दी–हल्बी शब्दकोश, TRTI Raipur (p.33) — verify"
pdf0418,माना । डान्ड,,4ि34.] ज,,,,ocr,"OCR of हिन्दी–हल्बी शब्दकोश, TRTI Raipur (p.33) — verify"
pdf0419,ताइ गकया हुआ नागर लज,,[435.] जु,,,,ocr,"OCR of हिन्दी–हल्बी शब्दकोश, TRTI Raipur (p.33) — verify"
pdf0420,गनु आया गमल्का / बर,,[436.] जु,,,,ocr,"OCR of हिन्दी–हल्बी शब्दकोश, TRTI Raipur (p.33) — verify"
pdf0421,गनु उनक साथ गमल्का कट,,[437.] जु,,,,ocr,"OCR of हिन्दी–हल्बी शब्दकोश, TRTI Raipur (p.33) — verify"
pdf0422,पड़ भेडिया आगया. धरतो बिता,,व38.। झ,,,,ocr,"OCR of हिन्दी–हल्बी शब्दकोश, TRTI Raipur (p.33) — verify"
pdf0423,झाड़ - फूक [ झाड़ाफूक,,[वि39.],,,,ocr,"OCR of हिन्दी–हल्बी शब्दकोश, TRTI Raipur (p.34) — verify"
pdf0424,झठ ग झठ,,वि 0,,,,ocr,"OCR of हिन्दी–हल्बी शब्दकोश, TRTI Raipur (p.34) — verify"
pdf0425,झूठ-मूठ । मलाय-म,,विवा,,,,ocr,"OCR of हिन्दी–हल्बी शब्दकोश, TRTI Raipur (p.34) — verify"
pdf0426,झमक हालन,,वि,,,,ocr,"OCR of हिन्दी–हल्बी शब्दकोश, TRTI Raipur (p.34) — verify"
pdf0427,झला । झलना,,"विव3,।",,,,ocr,"OCR of हिन्दी–हल्बी शब्दकोश, TRTI Raipur (p.34) — verify"
pdf0428,झलाओआ [ झलावा,,विवि,,,,ocr,"OCR of हिन्दी–हल्बी शब्दकोश, TRTI Raipur (p.34) — verify"
pdf0429,झकाना । लआता,,वि45.।,,,,ocr,"OCR of हिन्दी–हल्बी शब्दकोश, TRTI Raipur (p.34) — verify"
pdf0430,झडा ी रासा,,ह वि46.],,,,ocr,"OCR of हिन्दी–हल्बी शब्दकोश, TRTI Raipur (p.34) — verify"
pdf0431,झाका ी 'लहरा,,विवा,,,,ocr,"OCR of हिन्दी–हल्बी शब्दकोश, TRTI Raipur (p.34) — verify"
pdf0432,झडा झडा,,-. धिव8.],,,,ocr,"OCR of हिन्दी–हल्बी शब्दकोश, TRTI Raipur (p.34) — verify"
pdf0433,झाकना । गनआरून,,49,,,,ocr,"OCR of हिन्दी–हल्बी शब्दकोश, TRTI Raipur (p.34) — verify"
pdf0434,टाग । आराला,,50,,,,ocr,"OCR of हिन्दी–हल्बी शब्दकोश, TRTI Raipur (p.34) — verify"
pdf0435,'टोकरी टकना,,45,,,,ocr,"OCR of हिन्दी–हल्बी शब्दकोश, TRTI Raipur (p.34) — verify"
pdf0436,ट्गा आराल,,वि52.],,,,ocr,"OCR of हिन्दी–हल्बी शब्दकोश, TRTI Raipur (p.34) — verify"
pdf0437,'ठकदार ा ठका बता,,53,,,,ocr,"OCR of हिन्दी–हल्बी शब्दकोश, TRTI Raipur (p.34) — verify"
pdf0438,ठेकेदारों ठेका बता,,वि5व.],,,,ocr,"OCR of हिन्दी–हल्बी शब्दकोश, TRTI Raipur (p.34) — verify"
pdf0439,ठाक । नका,,455,,,,ocr,"OCR of हिन्दी–हल्बी शब्दकोश, TRTI Raipur (p.34) — verify"
pdf0440,'ठ्ठ । खुट,,4ि56.],,,,ocr,"OCR of हिन्दी–हल्बी शब्दकोश, TRTI Raipur (p.34) — verify"
pdf0441,ठिठुर ठिठुर कर ... थर थरार,,(457,,,,ocr,"OCR of हिन्दी–हल्बी शब्दकोश, TRTI Raipur (p.34) — verify"
pdf0442,डाला ी राखाला,,58,,,,ocr,"OCR of हिन्दी–हल्बी शब्दकोश, TRTI Raipur (p.34) — verify"
pdf0443,'ढाल बजाता बदर । बाजार ब,,वि60,,,,ocr,"OCR of हिन्दी–हल्बी शब्दकोश, TRTI Raipur (p.34) — verify"
pdf0444,गाल बजाना ।...... बाजा बजा,,467,,,,ocr,"OCR of हिन्दी–हल्बी शब्दकोश, TRTI Raipur (p.35) — verify"
pdf0445,ाइ । दड आउर,,4:62. कं,,,,ocr,"OCR of हिन्दी–हल्बी शब्दकोश, TRTI Raipur (p.35) — verify"
pdf0446,था । आऊर बल,,4ि63.।,,,,ocr,"OCR of हिन्दी–हल्बी शब्दकोश, TRTI Raipur (p.35) — verify"
pdf0447,बायत ।... दह-पाय,,[4ि64.4,,,,ocr,"OCR of हिन्दी–हल्बी शब्दकोश, TRTI Raipur (p.35) — verify"
pdf0448,तत्व । हसन,,465.] त,,,,ocr,"OCR of हिन्दी–हल्बी शब्दकोश, TRTI Raipur (p.35) — verify"
pdf0449,ललकर भनकर । भाजन,,[466.। त,,,,ocr,"OCR of हिन्दी–हल्बी शब्दकोश, TRTI Raipur (p.35) — verify"
pdf0450,काबा । कजा । कर,,467.।,,,,ocr,"OCR of हिन्दी–हल्बी शब्दकोश, TRTI Raipur (p.35) — verify"
pdf0451,बयत खराब । नकानयास,,[468.। त,,,,ocr,"OCR of हिन्दी–हल्बी शब्दकोश, TRTI Raipur (p.35) — verify"
pdf0452,काबा ही सरकारा ल,,[46 9.।,,,,ocr,"OCR of हिन्दी–हल्बी शब्दकोश, TRTI Raipur (p.35) — verify"
pdf0453,व ।... तब,,470.।,,,,ocr,"OCR of हिन्दी–हल्बी शब्दकोश, TRTI Raipur (p.35) — verify"
pdf0454,भा । मातर,,[4ि74,,,,ocr,"OCR of हिन्दी–हल्बी शब्दकोश, TRTI Raipur (p.35) — verify"
pdf0455,गरबज ।..... खरबजा,,[472,,,,ocr,"OCR of हिन्दी–हल्बी शब्दकोश, TRTI Raipur (p.35) — verify"
pdf0456,बला । तबला,,4ि73.],,,,ocr,"OCR of हिन्दी–हल्बी शब्दकोश, TRTI Raipur (p.35) — verify"
pdf0457,भा सामने ।.... तैबे परे,,विए4.।,,,,ocr,"OCR of हिन्दी–हल्बी शब्दकोश, TRTI Raipur (p.35) — verify"
pdf0458,भी पिछे तेबे पाठ बा,,5,,,,ocr,"OCR of हिन्दी–हल्बी शब्दकोश, TRTI Raipur (p.35) — verify"
pdf0459,रू । खदा,,! 476 .।,,,,ocr,"OCR of हिन्दी–हल्बी शब्दकोश, TRTI Raipur (p.35) — verify"
pdf0460,'डपकर । कलपडाह,,। [वि7.] त,,,,ocr,"OCR of हिन्दी–हल्बी शब्दकोश, TRTI Raipur (p.35) — verify"
pdf0461,ालाव ।..... तरहा,,। [4ि78.।,,,,ocr,"OCR of हिन्दी–हल्बी शब्दकोश, TRTI Raipur (p.35) — verify"
pdf0462,डा । ताडा,,। 4ि79.],,,,ocr,"OCR of हिन्दी–हल्बी शब्दकोश, TRTI Raipur (p.35) — verify"
pdf0463,ालाब म ।... तरडन,,। 480 .। र,,,,ocr,"OCR of हिन्दी–हल्बी शब्दकोश, TRTI Raipur (p.35) — verify"
pdf0464,गान । तान,,[487,,,,ocr,"OCR of हिन्दी–हल्बी शब्दकोश, TRTI Raipur (p.35) — verify"
pdf0465,तिलक लगाएगे टिका मांड2,,वि82.],,,,ocr,"OCR of हिन्दी–हल्बी शब्दकोश, TRTI Raipur (p.35) — verify"
pdf0466,तेल में तले हए पकवान बोबों,,वि83.],,,,ocr,"OCR of हिन्दी–हल्बी शब्दकोश, TRTI Raipur (p.36) — verify"
pdf0467,तम्ह तुूमक,,484,,,,ocr,"OCR of हिन्दी–हल्बी शब्दकोश, TRTI Raipur (p.36) — verify"
pdf0468,तम्हारा ी त्चा,,वि85.।,,,,ocr,"OCR of हिन्दी–हल्बी शब्दकोश, TRTI Raipur (p.36) — verify"
pdf0469,तम स । तचाल,,487,,,,ocr,"OCR of हिन्दी–हल्बी शब्दकोश, TRTI Raipur (p.36) — verify"
pdf0470,'तम न उस कहा तु उ,,488,,,,ocr,"OCR of हिन्दी–हल्बी शब्दकोश, TRTI Raipur (p.36) — verify"
pdf0471,तमन तड़,,वि89.],,,,ocr,"OCR of हिन्दी–हल्बी शब्दकोश, TRTI Raipur (p.36) — verify"
pdf0472,तन ी त्‌ड,,490,,,,ocr,"OCR of हिन्दी–हल्बी शब्दकोश, TRTI Raipur (p.36) — verify"
pdf0473,त्तमका तचाहा,,।49,,,,ocr,"OCR of हिन्दी–हल्बी शब्दकोश, TRTI Raipur (p.36) — verify"
pdf0474,'तम्हार ी तचा,,492,,,,ocr,"OCR of हिन्दी–हल्बी शब्दकोश, TRTI Raipur (p.36) — verify"
pdf0475,तम लाग तमनम,,493.],,,,ocr,"OCR of हिन्दी–हल्बी शब्दकोश, TRTI Raipur (p.36) — verify"
pdf0476,तम लागा तमनम,,« 94,,,,ocr,"OCR of हिन्दी–हल्बी शब्दकोश, TRTI Raipur (p.36) — verify"
pdf0477,तम । तमन,,4ि95,,,,ocr,"OCR of हिन्दी–हल्बी शब्दकोश, TRTI Raipur (p.36) — verify"
pdf0478,तमका क्या कहना तक क,,96,,,,ocr,"OCR of हिन्दी–हल्बी शब्दकोश, TRTI Raipur (p.36) — verify"
pdf0479,तरन्त । झटक,,वि 97,,,,ocr,"OCR of हिन्दी–हल्बी शब्दकोश, TRTI Raipur (p.36) — verify"
pdf0480,तम मोर नहीं हो ।.. त्तईम,,498,,,,ocr,"OCR of हिन्दी–हल्बी शब्दकोश, TRTI Raipur (p.36) — verify"
pdf0481,तुम इधर मत आआ तुइ ए,,499,,,,ocr,"OCR of हिन्दी–हल्बी शब्दकोश, TRTI Raipur (p.36) — verify"
pdf0482,तूझका तुमके,,[500,,,,ocr,"OCR of हिन्दी–हल्बी शब्दकोश, TRTI Raipur (p.36) — verify"
pdf0483,तज ी 'लागन,,50,,,,ocr,"OCR of हिन्दी–हल्बी शब्दकोश, TRTI Raipur (p.36) — verify"
pdf0484,तर तचो,,502,,,,ocr,"OCR of हिन्दी–हल्बी शब्दकोश, TRTI Raipur (p.36) — verify"
pdf0485,तदूपत्ता टमरुप,,503,,,,ocr,"OCR of हिन्दी–हल्बी शब्दकोश, TRTI Raipur (p.36) — verify"
pdf0486,तैज - तेज ! झपके,,504,,,,ocr,"OCR of हिन्दी–हल्बी शब्दकोश, TRTI Raipur (p.36) — verify"
pdf0487,,,ध्द,,,,ocr,"OCR of हिन्दी–हल्बी शब्दकोश, TRTI Raipur (p.36) — verify"
pdf0488,तयार ी गतयार,,[505],,,,ocr,"OCR of हिन्दी–हल्बी शब्दकोश, TRTI Raipur (p.37) — verify"
pdf0489,ताड टटाला,,[506,,,,ocr,"OCR of हिन्दी–हल्बी शब्दकोश, TRTI Raipur (p.37) — verify"
pdf0490,ता [ सब / ता,,[507,,,,ocr,"OCR of हिन्दी–हल्बी शब्दकोश, TRTI Raipur (p.37) — verify"
pdf0491,ताड ी टटालास,,508,,,,ocr,"OCR of हिन्दी–हल्बी शब्दकोश, TRTI Raipur (p.37) — verify"
pdf0492,तोते को भीगे चने मिठ के प,,[509,,,,ocr,"OCR of हिन्दी–हल्बी शब्दकोश, TRTI Raipur (p.37) — verify"
pdf0493,तोते को पाल लेते है। मिठ के पे,,(50,,,,ocr,"OCR of हिन्दी–हल्बी शब्दकोश, TRTI Raipur (p.37) — verify"
pdf0494,तोतो को छोड दिया मिठ मन !,,5ि१,,,,ocr,"OCR of हिन्दी–हल्बी शब्दकोश, TRTI Raipur (p.37) — verify"
pdf0495,त्याहार ी गतहार,,572,,,,ocr,"OCR of हिन्दी–हल्बी शब्दकोश, TRTI Raipur (p.37) — verify"
pdf0496,थटरां । बढाइ,,[53 .।,,,,ocr,"OCR of हिन्दी–हल्बी शब्दकोश, TRTI Raipur (p.37) — verify"
pdf0497,थककर । थाकन बा,,[574,,,,ocr,"OCR of हिन्दी–हल्बी शब्दकोश, TRTI Raipur (p.37) — verify"
pdf0498,था [ रह,,[575,,,,ocr,"OCR of हिन्दी–हल्बी शब्दकोश, TRTI Raipur (p.37) — verify"
pdf0499,थाना ी ठाना,,[576,,,,ocr,"OCR of हिन्दी–हल्बी शब्दकोश, TRTI Raipur (p.37) — verify"
pdf0500,था । रला,,57,,,,ocr,"OCR of हिन्दी–हल्बी शब्दकोश, TRTI Raipur (p.37) — verify"
pdf0501,थ । रहात । र,,578,,,,ocr,"OCR of हिन्दी–हल्बी शब्दकोश, TRTI Raipur (p.37) — verify"
pdf0502,थ।था [ रह,,[59,,,,ocr,"OCR of हिन्दी–हल्बी शब्दकोश, TRTI Raipur (p.37) — verify"
pdf0503,थाडा कछ गखाण्डक,,[520 .],,,,ocr,"OCR of हिन्दी–हल्बी शब्दकोश, TRTI Raipur (p.37) — verify"
pdf0504,थाडा सा । 'खाण्डक,,5ि27,,,,ocr,"OCR of हिन्दी–हल्बी शब्दकोश, TRTI Raipur (p.37) — verify"
pdf0505,थाडा समय [ 'डाडक अ,,522,,,,ocr,"OCR of हिन्दी–हल्बी शब्दकोश, TRTI Raipur (p.37) — verify"
pdf0506,दात [ दात,,।523.],,,,ocr,"OCR of हिन्दी–हल्बी शब्दकोश, TRTI Raipur (p.37) — verify"
pdf0507,दरखास ा दरखास,,[5ि24,,,,ocr,"OCR of हिन्दी–हल्बी शब्दकोश, TRTI Raipur (p.37) — verify"
pdf0508,दहाडना ी गरजतार,,525.],,,,ocr,"OCR of हिन्दी–हल्बी शब्दकोश, TRTI Raipur (p.37) — verify"
pdf0509,दल कडा,,[526,,,,ocr,"OCR of हिन्दी–हल्बी शब्दकोश, TRTI Raipur (p.37) — verify"
pdf0510,,,आदिमजाति,,,,ocr,"OCR of हिन्दी–हल्बी शब्दकोश, TRTI Raipur (p.37) — verify"
pdf0511,दज बराबरा,,527,,,,ocr,"OCR of हिन्दी–हल्बी शब्दकोश, TRTI Raipur (p.38) — verify"
pdf0512,'दवाड । उपाय,,528,,,,ocr,"OCR of हिन्दी–हल्बी शब्दकोश, TRTI Raipur (p.38) — verify"
pdf0513,दम-दम ढम-ठम,,529,,,,ocr,"OCR of हिन्दी–हल्बी शब्दकोश, TRTI Raipur (p.38) — verify"
pdf0514,दवात । शाशा,,।530.],,,,ocr,"OCR of हिन्दी–हल्बी शब्दकोश, TRTI Raipur (p.38) — verify"
pdf0515,'दवा घिसकर लगाई ओखत ',,(534,,,,ocr,"OCR of हिन्दी–हल्बी शब्दकोश, TRTI Raipur (p.38) — verify"
pdf0516,दारू । मद,,532,,,,ocr,"OCR of हिन्दी–हल्बी शब्दकोश, TRTI Raipur (p.38) — verify"
pdf0517,'दातन दानन,,533,,,,ocr,"OCR of हिन्दी–हल्बी शब्दकोश, TRTI Raipur (p.38) — verify"
pdf0518,दाल ी दाल,,534.],,,,ocr,"OCR of हिन्दी–हल्बी शब्दकोश, TRTI Raipur (p.38) — verify"
pdf0519,दीथी देउरलि,,35,,,,ocr,"OCR of हिन्दी–हल्बी शब्दकोश, TRTI Raipur (p.38) — verify"
pdf0520,दीदी दिदी,,(536,,,,ocr,"OCR of हिन्दी–हल्बी शब्दकोश, TRTI Raipur (p.38) — verify"
pdf0521,दिये । दिलास,,5ि37,,,,ocr,"OCR of हिन्दी–हल्बी शब्दकोश, TRTI Raipur (p.38) — verify"
pdf0522,दया [ पदला,,ः 538,,,,ocr,"OCR of हिन्दी–हल्बी शब्दकोश, TRTI Raipur (p.38) — verify"
pdf0523,'दिजिए दियासी,,539,,,,ocr,"OCR of हिन्दी–हल्बी शब्दकोश, TRTI Raipur (p.38) — verify"
pdf0524,दिन दन,,540 .],,,,ocr,"OCR of हिन्दी–हल्बी शब्दकोश, TRTI Raipur (p.38) — verify"
pdf0525,'दखओआ [ 'दखाह,,54,,,,ocr,"OCR of हिन्दी–हल्बी शब्दकोश, TRTI Raipur (p.38) — verify"
pdf0526,पदखाइए । 'दखावरसः,,542.],,,,ocr,"OCR of हिन्दी–हल्बी शब्दकोश, TRTI Raipur (p.38) — verify"
pdf0527,दया । गदला,,।543,,,,ocr,"OCR of हिन्दी–हल्बी शब्दकोश, TRTI Raipur (p.38) — verify"
pdf0528,दश्मना [ खेर /,,544,,,,ocr,"OCR of हिन्दी–हल्बी शब्दकोश, TRTI Raipur (p.38) — verify"
pdf0529,। दसरा ी दसर,,[545,,,,ocr,"OCR of हिन्दी–हल्बी शब्दकोश, TRTI Raipur (p.38) — verify"
pdf0530,दसरा [ 'दसरा ।,,546,,,,ocr,"OCR of हिन्दी–हल्बी शब्दकोश, TRTI Raipur (p.38) — verify"
pdf0531,। दसर 'दसर,,548,,,,ocr,"OCR of हिन्दी–हल्बी शब्दकोश, TRTI Raipur (p.38) — verify"
pdf0532,,,द्दा,,,,ocr,"OCR of हिन्दी–हल्बी शब्दकोश, TRTI Raipur (p.38) — verify"
pdf0533,खा [ द्ख,,549. द,,,,ocr,"OCR of हिन्दी–हल्बी शब्दकोश, TRTI Raipur (p.39) — verify"
pdf0534,कानदार [ 'दकान बात,,[550 .] द,,,,ocr,"OCR of हिन्दी–हल्बी शब्दकोश, TRTI Raipur (p.39) — verify"
pdf0535,लहन द्ला,,[557.] द,,,,ocr,"OCR of हिन्दी–हल्बी शब्दकोश, TRTI Raipur (p.39) — verify"
pdf0536,खकर दखन,,552.] द,,,,ocr,"OCR of हिन्दी–हल्बी शब्दकोश, TRTI Raipur (p.39) — verify"
pdf0537,ख । दखला,,553.] द,,,,ocr,"OCR of हिन्दी–हल्बी शब्दकोश, TRTI Raipur (p.39) — verify"
pdf0538,खकर दखन बाता,,[554.। द,,,,ocr,"OCR of हिन्दी–हल्बी शब्दकोश, TRTI Raipur (p.39) — verify"
pdf0539,रलापाली दा रलापाल,,555.] दे,,,,ocr,"OCR of हिन्दी–हल्बी शब्दकोश, TRTI Raipur (p.39) — verify"
pdf0540,खा था ी दखरइस,,।556.] द,,,,ocr,"OCR of हिन्दी–हल्बी शब्दकोश, TRTI Raipur (p.39) — verify"
pdf0541,खा दखालस,,। 557.। द,,,,ocr,"OCR of हिन्दी–हल्बी शब्दकोश, TRTI Raipur (p.39) — verify"
pdf0542,ना । दतार । दर,,। 558.। द,,,,ocr,"OCR of हिन्दी–हल्बी शब्दकोश, TRTI Raipur (p.39) — verify"
pdf0543,खन ी दखक,,। ।559.] द,,,,ocr,"OCR of हिन्दी–हल्बी शब्दकोश, TRTI Raipur (p.39) — verify"
pdf0544,खभाल ी 'दखा-रखा,,। 560 .। द,,,,ocr,"OCR of हिन्दी–हल्बी शब्दकोश, TRTI Raipur (p.39) — verify"
pdf0545,वी देवता । देवा धामि,,(56. दे,,,,ocr,"OCR of हिन्दी–हल्बी शब्दकोश, TRTI Raipur (p.39) — verify"
pdf0546,तेहो दिया से,,(562. दे,,,,ocr,"OCR of हिन्दी–हल्बी शब्दकोश, TRTI Raipur (p.39) — verify"
pdf0547,खो - देखो ... दखा - दर,,563.) दे,,,,ocr,"OCR of हिन्दी–हल्बी शब्दकोश, TRTI Raipur (p.39) — verify"
pdf0548,ख लिया दख रये,,564. दे,,,,ocr,"OCR of हिन्दी–हल्बी शब्दकोश, TRTI Raipur (p.39) — verify"
pdf0549,शा ी द्श,,ी [565.। व,,,,ocr,"OCR of हिन्दी–हल्बी शब्दकोश, TRTI Raipur (p.39) — verify"
pdf0550,गरला दारला,,ी 566.] द,,,,ocr,"OCR of हिन्दी–हल्बी शब्दकोश, TRTI Raipur (p.39) — verify"
pdf0551,ा 'दटान,,ी [567.],,,,ocr,"OCR of हिन्दी–हल्बी शब्दकोश, TRTI Raipur (p.39) — verify"
pdf0552,गाना दना,,568.] द,,,,ocr,"OCR of हिन्दी–हल्बी शब्दकोश, TRTI Raipur (p.39) — verify"
pdf0553,(क्रिया) 'दठान (कर,,। (569.] द,,,,ocr,"OCR of हिन्दी–हल्बी शब्दकोश, TRTI Raipur (p.39) — verify"
pdf0554,रा भ्रमण । 'दवरा / घम,,। [570.] व,,,,ocr,"OCR of हिन्दी–हल्बी शब्दकोश, TRTI Raipur (p.39) — verify"
pdf0555,दोनों डर गये [ 'दना उ,,5ि74,,,,ocr,"OCR of हिन्दी–हल्बी शब्दकोश, TRTI Raipur (p.40) — verify"
pdf0556,। दौडना । परालो,,572,,,,ocr,"OCR of हिन्दी–हल्बी शब्दकोश, TRTI Raipur (p.40) — verify"
pdf0557,। दाय हाथ ी उजा,,53,,,,ocr,"OCR of हिन्दी–हल्बी शब्दकोश, TRTI Raipur (p.40) — verify"
pdf0558,। डर ी डर,,574,,,,ocr,"OCR of हिन्दी–हल्बी शब्दकोश, TRTI Raipur (p.40) — verify"
pdf0559,। डरग ी डरद,,55,,,,ocr,"OCR of हिन्दी–हल्बी शब्दकोश, TRTI Raipur (p.40) — verify"
pdf0560,। डरपाक ी 'डरहा,,576,,,,ocr,"OCR of हिन्दी–हल्बी शब्दकोश, TRTI Raipur (p.40) — verify"
pdf0561,। डालया ी खब र,,57,,,,ocr,"OCR of हिन्दी–हल्बी शब्दकोश, TRTI Raipur (p.40) — verify"
pdf0562,डिप्टी डिप्टी,,ः 578,,,,ocr,"OCR of हिन्दी–हल्बी शब्दकोश, TRTI Raipur (p.40) — verify"
pdf0563,धान की जाति धान च,,579,,,,ocr,"OCR of हिन्दी–हल्बी शब्दकोश, TRTI Raipur (p.40) — verify"
pdf0564,। धधा ी काम,,580,,,,ocr,"OCR of हिन्दी–हल्बी शब्दकोश, TRTI Raipur (p.40) — verify"
pdf0565,। ध्यान ी गधयान,,587,,,,ocr,"OCR of हिन्दी–हल्बी शब्दकोश, TRTI Raipur (p.40) — verify"
pdf0566,। नगद [ 'हाल ।,,582,,,,ocr,"OCR of हिन्दी–हल्बी शब्दकोश, TRTI Raipur (p.40) — verify"
pdf0567,। नवजवान [ जवान,,583,,,,ocr,"OCR of हिन्दी–हल्बी शब्दकोश, TRTI Raipur (p.40) — verify"
pdf0568,नहीं करे हो ... निकरि,,८... 584,,,,ocr,"OCR of हिन्दी–हल्बी शब्दकोश, TRTI Raipur (p.40) — verify"
pdf0569,। नहीं नाइ ।,,585,,,,ocr,"OCR of हिन्दी–हल्बी शब्दकोश, TRTI Raipur (p.40) — verify"
pdf0570,। नया [ नवा,,586,,,,ocr,"OCR of हिन्दी–हल्बी शब्दकोश, TRTI Raipur (p.40) — verify"
pdf0571,नयाधान का त्योहार नआरः,,587,,,,ocr,"OCR of हिन्दी–हल्बी शब्दकोश, TRTI Raipur (p.40) — verify"
pdf0572,। नहाकर ी नाहाउ,,588,,,,ocr,"OCR of हिन्दी–हल्बी शब्दकोश, TRTI Raipur (p.40) — verify"
pdf0573,। नहान गय [ नहाउ,,589,,,,ocr,"OCR of हिन्दी–हल्बी शब्दकोश, TRTI Raipur (p.40) — verify"
pdf0574,। नहाय नाहाल,,[590,,,,ocr,"OCR of हिन्दी–हल्बी शब्दकोश, TRTI Raipur (p.40) — verify"
pdf0575,नहीं तो नार्ड तू,,5ि9,,,,ocr,"OCR of हिन्दी–हल्बी शब्दकोश, TRTI Raipur (p.40) — verify"
pdf0576,। नहान क बाद [ नाहाउ,,592,,,,ocr,"OCR of हिन्दी–हल्बी शब्दकोश, TRTI Raipur (p.40) — verify"
pdf0577,हिन्दी वाक्य 'हल्बी,,है?,,,,ocr,"OCR of हिन्दी–हल्बी शब्दकोश, TRTI Raipur (p.43) — verify"
pdf0578,पकड़ने के लिए धर,,(639,,,,ocr,"OCR of हिन्दी–हल्बी शब्दकोश, TRTI Raipur (p.43) — verify"
pdf0579,। पारश्रम महनत ी मस,,640,,,,ocr,"OCR of हिन्दी–हल्बी शब्दकोश, TRTI Raipur (p.43) — verify"
pdf0580,। पकन क बाद ी पाव,,646,,,,ocr,"OCR of हिन्दी–हल्बी शब्दकोश, TRTI Raipur (p.43) — verify"
pdf0581,। पटवारा ी यट,,647,,,,ocr,"OCR of हिन्दी–हल्बी शब्दकोश, TRTI Raipur (p.43) — verify"
pdf0582,। परशान ी गबत,,648,,,,ocr,"OCR of हिन्दी–हल्बी शब्दकोश, TRTI Raipur (p.43) — verify"
pdf0583,। पडता [ मरा,,649,,,,ocr,"OCR of हिन्दी–हल्बी शब्दकोश, TRTI Raipur (p.43) — verify"
pdf0584,पाहडी में घमने चले . डॉग,,(653,,,,ocr,"OCR of हिन्दी–हल्बी शब्दकोश, TRTI Raipur (p.43) — verify"
pdf0585,पानी निकालगा पार्न,,54,,,,ocr,"OCR of हिन्दी–हल्बी शब्दकोश, TRTI Raipur (p.43) — verify"
pdf0586,। पालत हा ी पार,,656,,,,ocr,"OCR of हिन्दी–हल्बी शब्दकोश, TRTI Raipur (p.43) — verify"
pdf0587,। पाठ थपथपाना ी साठ,,6 57,,,,ocr,"OCR of हिन्दी–हल्बी शब्दकोश, TRTI Raipur (p.43) — verify"
pdf0588,। पाठ पर बठा ी पाट,,658,,,,ocr,"OCR of हिन्दी–हल्बी शब्दकोश, TRTI Raipur (p.43) — verify"
pdf0589,,,आदिमज,,,,ocr,"OCR of हिन्दी–हल्बी शब्दकोश, TRTI Raipur (p.43) — verify"
pdf0590,[लरग का ी हरदा रग चा,,659.] पे,,,,ocr,"OCR of हिन्दी–हल्बी शब्दकोश, TRTI Raipur (p.44) — verify"
pdf0591,ने से पिवलेसे,,हि. 60. ्प,,,,ocr,"OCR of हिन्दी–हल्बी शब्दकोश, TRTI Raipur (p.44) — verify"
pdf0592,ही पपऊता,,667.] प,,,,ocr,"OCR of हिन्दी–हल्बी शब्दकोश, TRTI Raipur (p.44) — verify"
pdf0593,पल ी पपकड,,।662.। प,,,,ocr,"OCR of हिन्दी–हल्बी शब्दकोश, TRTI Raipur (p.44) — verify"
pdf0594,ते हो 'पिउआस,,663,,,,ocr,"OCR of हिन्दी–हल्बी शब्दकोश, TRTI Raipur (p.44) — verify"
pdf0595,छे से आवाज आई... पाठ बाट ले,,6ि64.],,,,ocr,"OCR of हिन्दी–हल्बी शब्दकोश, TRTI Raipur (p.44) — verify"
pdf0596,पछे देखा पाठ बाटे दर४,,ि65.],,,,ocr,"OCR of हिन्दी–हल्बी शब्दकोश, TRTI Raipur (p.44) — verify"
pdf0597,पताजी बाबा,,-.... 666,,,,ocr,"OCR of हिन्दी–हल्बी शब्दकोश, TRTI Raipur (p.44) — verify"
pdf0598,यो पिया,,6,,,,ocr,"OCR of हिन्दी–हल्बी शब्दकोश, TRTI Raipur (p.44) — verify"
pdf0599,रन । परन,,668.।] प,,,,ocr,"OCR of हिन्दी–हल्बी शब्दकोश, TRTI Raipur (p.44) — verify"
pdf0600,छकर कृुकन,,669.। प,,,,ocr,"OCR of हिन्दी–हल्बी शब्दकोश, TRTI Raipur (p.44) — verify"
pdf0601,छ्ना पुछुन दख,,670.। पु,,,,ocr,"OCR of हिन्दी–हल्बी शब्दकोश, TRTI Raipur (p.44) — verify"
pdf0602,रा ी परा,,677.। प,,,,ocr,"OCR of हिन्दी–हल्बी शब्दकोश, TRTI Raipur (p.44) — verify"
pdf0603,ड पुराना है जना रूख अ,,672. पे,,,,ocr,"OCR of हिन्दी–हल्बी शब्दकोश, TRTI Raipur (p.44) — verify"
pdf0604,ड का ठट । खूट,,।673.] प,,,,ocr,"OCR of हिन्दी–हल्बी शब्दकोश, TRTI Raipur (p.44) — verify"
pdf0605,टाया । पटा,,674.। प,,,,ocr,"OCR of हिन्दी–हल्बी शब्दकोश, TRTI Raipur (p.44) — verify"
pdf0606,ड ी रूख,,675.। प,,,,ocr,"OCR of हिन्दी–हल्बी शब्दकोश, TRTI Raipur (p.44) — verify"
pdf0607,डम रूकन,,676.] प,,,,ocr,"OCR of हिन्दी–हल्बी शब्दकोश, TRTI Raipur (p.44) — verify"
pdf0608,र्‌ [ गोड,,677.! पे,,,,ocr,"OCR of हिन्दी–हल्बी शब्दकोश, TRTI Raipur (p.44) — verify"
pdf0609,र से टकराना 'हकललो,,(678.। पै,,,,ocr,"OCR of हिन्दी–हल्बी शब्दकोश, TRTI Raipur (p.44) — verify"
pdf0610,दल चलकर । 'हडल,,679.। प,,,,ocr,"OCR of हिन्दी–हल्बी शब्दकोश, TRTI Raipur (p.44) — verify"
pdf0611,दा ी जनम,,।680.] प,,,,ocr,"OCR of हिन्दी–हल्बी शब्दकोश, TRTI Raipur (p.44) — verify"
pdf0612,वर ।.... समान,,[725.। बर,,,,ocr,"OCR of हिन्दी–हल्बी शब्दकोश, TRTI Raipur (p.47) — verify"
pdf0613,ाआ । सागा,,[726 . बत,,,,ocr,"OCR of हिन्दी–हल्बी शब्दकोश, TRTI Raipur (p.47) — verify"
pdf0614,[ चका है ।.... सागूरहे,,[727.। बत,,,,ocr,"OCR of हिन्दी–हल्बी शब्दकोश, TRTI Raipur (p.47) — verify"
pdf0615,ना !.... साकतार,,[728.। बत,,,,ocr,"OCR of हिन्दी–हल्बी शब्दकोश, TRTI Raipur (p.47) — verify"
pdf0616,[रहा ह . सागस,,[729.। बतत,,,,ocr,"OCR of हिन्दी–हल्बी शब्दकोश, TRTI Raipur (p.47) — verify"
pdf0617,।..... बढला,,[730.।] बढ,,,,ocr,"OCR of हिन्दी–हल्बी शब्दकोश, TRTI Raipur (p.47) — verify"
pdf0618,या । अच्छा । नगत,,[737. 'बाठ्,,,,ocr,"OCR of हिन्दी–हल्बी शब्दकोश, TRTI Raipur (p.47) — verify"
pdf0619,रा ।..... बाकडा,,732.। बक,,,,ocr,"OCR of हिन्दी–हल्बी शब्दकोश, TRTI Raipur (p.47) — verify"
pdf0620,ाए ।..... बाजाला,,।733.। बज,,,,ocr,"OCR of हिन्दी–हल्बी शब्दकोश, TRTI Raipur (p.47) — verify"
pdf0621,थे ।.... खब,,[734. बह,,,,ocr,"OCR of हिन्दी–हल्बी शब्दकोश, TRTI Raipur (p.47) — verify"
pdf0622,ने के लिए बाचतो काजे,,प35.। बच,,,,ocr,"OCR of हिन्दी–हल्बी शब्दकोश, TRTI Raipur (p.47) — verify"
pdf0623,बडी जटाए लटकती है। .... बडे बडे जठमन,,(736. बर्ड,,,,ocr,"OCR of हिन्दी–हल्बी शब्दकोश, TRTI Raipur (p.47) — verify"
pdf0624,गद के फल खाती है. बड़ फर के रख,,37.। बर,,,,ocr,"OCR of हिन्दी–हल्बी शब्दकोश, TRTI Raipur (p.47) — verify"
pdf0625,पा ।.... पाला मन,,[738.।] बच्ट,,,,ocr,"OCR of हिन्दी–हल्बी शब्दकोश, TRTI Raipur (p.47) — verify"
pdf0626,कचा ।..... बाचला कहला,,739.] बच,,,,ocr,"OCR of हिन्दी–हल्बी शब्दकोश, TRTI Raipur (p.47) — verify"
pdf0627,ल ।.... खटा रूक,,।740.। बब,,,,ocr,"OCR of हिन्दी–हल्बी शब्दकोश, TRTI Raipur (p.47) — verify"
pdf0628,गद का पड ।..... बडरूख,,।74.। बर,,,,ocr,"OCR of हिन्दी–हल्बी शब्दकोश, TRTI Raipur (p.47) — verify"
pdf0629,पा अडचन,,42. बाघ,,,,ocr,"OCR of हिन्दी–हल्बी शब्दकोश, TRTI Raipur (p.47) — verify"
pdf0630,रा 'बाटा,,।743.] बात,,,,ocr,"OCR of हिन्दी–हल्बी शब्दकोश, TRTI Raipur (p.47) — verify"
pdf0631,बल ।..... बादरा,,74.4 .] बात,,,,ocr,"OCR of हिन्दी–हल्बी शब्दकोश, TRTI Raipur (p.47) — verify"
pdf0632,करग 'गोठयावा,,[745 .] बात्,,,,ocr,"OCR of हिन्दी–हल्बी शब्दकोश, TRTI Raipur (p.47) — verify"
pdf0633,।... गाठ,,। 746 .। बात्,,,,ocr,"OCR of हिन्दी–हल्बी शब्दकोश, TRTI Raipur (p.47) — verify"
pdf0634,बात करना गाठयात,,पिवा.।,,,,ocr,"OCR of हिन्दी–हल्बी शब्दकोश, TRTI Raipur (p.48) — verify"
pdf0635,बाजार ी हाट,,48 .],,,,ocr,"OCR of हिन्दी–हल्बी शब्दकोश, TRTI Raipur (p.48) — verify"
pdf0636,बार बरा बरा,,749,,,,ocr,"OCR of हिन्दी–हल्बी शब्दकोश, TRTI Raipur (p.48) — verify"
pdf0637,बाल बच्च [ पपला उड़,,50,,,,ocr,"OCR of हिन्दी–हल्बी शब्दकोश, TRTI Raipur (p.48) — verify"
pdf0638,बास ी बस,,पि5,,,,ocr,"OCR of हिन्दी–हल्बी शब्दकोश, TRTI Raipur (p.48) — verify"
pdf0639,बीनते है बेचआस,,पिडि2,,,,ocr,"OCR of हिन्दी–हल्बी शब्दकोश, TRTI Raipur (p.48) — verify"
pdf0640,बीमारी बीमारी,,पि5ि3,,,,ocr,"OCR of हिन्दी–हल्बी शब्दकोश, TRTI Raipur (p.48) — verify"
pdf0641,बिछौना ओछना,,पिहिव,,,,ocr,"OCR of हिन्दी–हल्बी शब्दकोश, TRTI Raipur (p.48) — verify"
pdf0642,बिक जाता ी गबिकआर,,55,,,,ocr,"OCR of हिन्दी–हल्बी शब्दकोश, TRTI Raipur (p.48) — verify"
pdf0643,बिकते है बिकआर,,* पि5ि6,,,,ocr,"OCR of हिन्दी–हल्बी शब्दकोश, TRTI Raipur (p.48) — verify"
pdf0644,बिल्ली बिलई,,पि5,,,,ocr,"OCR of हिन्दी–हल्बी शब्दकोश, TRTI Raipur (p.48) — verify"
pdf0645,गबस्कट ी गबस्कट,,[758,,,,ocr,"OCR of हिन्दी–हल्बी शब्दकोश, TRTI Raipur (p.48) — verify"
pdf0646,बाच ी मजा,,759,,,,ocr,"OCR of हिन्दी–हल्बी शब्दकोश, TRTI Raipur (p.48) — verify"
pdf0647,बल्कल ी 'सतआय,,760,,,,ocr,"OCR of हिन्दी–हल्बी शब्दकोश, TRTI Raipur (p.48) — verify"
pdf0648,बलाआ । आगादय,,67.],,,,ocr,"OCR of हिन्दी–हल्बी शब्दकोश, TRTI Raipur (p.48) — verify"
pdf0649,बलाकर [ हागदउ,,762.],,,,ocr,"OCR of हिन्दी–हल्बी शब्दकोश, TRTI Raipur (p.48) — verify"
pdf0650,बलाआ [ आगादर,,763,,,,ocr,"OCR of हिन्दी–हल्बी शब्दकोश, TRTI Raipur (p.48) — verify"
pdf0651,बखार ी जर,,764,,,,ocr,"OCR of हिन्दी–हल्बी शब्दकोश, TRTI Raipur (p.48) — verify"
pdf0652,बता । काम,,65,,,,ocr,"OCR of हिन्दी–हल्बी शब्दकोश, TRTI Raipur (p.48) — verify"
pdf0653,बुआई करने वाले पेरूबिता,,66,,,,ocr,"OCR of हिन्दी–हल्बी शब्दकोश, TRTI Raipur (p.48) — verify"
pdf0654,बझाआ ग बताओआ,,67,,,,ocr,"OCR of हिन्दी–हल्बी शब्दकोश, TRTI Raipur (p.48) — verify"
pdf0655,बचना ! बिकतार,,768,,,,ocr,"OCR of हिन्दी–हल्बी शब्दकोश, TRTI Raipur (p.48) — verify"
pdf0656,हीन मुंई नाहलो,,83. भमि,,,,ocr,"OCR of हिन्दी–हल्बी शब्दकोश, TRTI Raipur (p.51) — verify"
pdf0657,कर भाजन,,874. । भन,,,,ocr,"OCR of हिन्दी–हल्बी शब्दकोश, TRTI Raipur (p.51) — verify"
pdf0658,ा भयसा,,।85. भैस,,,,ocr,"OCR of हिन्दी–हल्बी शब्दकोश, TRTI Raipur (p.51) — verify"
pdf0659,मजर,,86 . । भार,,,,ocr,"OCR of हिन्दी–हल्बी शब्दकोश, TRTI Raipur (p.51) — verify"
pdf0660,तने ी खादा,,847 . । भाए,,,,ocr,"OCR of हिन्दी–हल्बी शब्दकोश, TRTI Raipur (p.51) — verify"
pdf0661,ं खबे भंवरा मन,,[878. भौर,,,,ocr,"OCR of हिन्दी–हल्बी शब्दकोश, TRTI Raipur (p.51) — verify"
pdf0662,[ । भग,,89. । भाग,,,,ocr,"OCR of हिन्दी–हल्बी शब्दकोश, TRTI Raipur (p.51) — verify"
pdf0663,मक्खा [ आडार,,820 . मध,,,,ocr,"OCR of हिन्दी–हल्बी शब्दकोश, TRTI Raipur (p.51) — verify"
pdf0664,शी 'जनावर,,(82]. मवे,,,,ocr,"OCR of हिन्दी–हल्बी शब्दकोश, TRTI Raipur (p.51) — verify"
pdf0665,का ।. :. जादरा,,822. । मक,,,,ocr,"OCR of हिन्दी–हल्बी शब्दकोश, TRTI Raipur (p.51) — verify"
pdf0666,गन घर,,823. । मक,,,,ocr,"OCR of हिन्दी–हल्बी शब्दकोश, TRTI Raipur (p.51) — verify"
pdf0667,ना ी मयना,,824. माह,,,,ocr,"OCR of हिन्दी–हल्बी शब्दकोश, TRTI Raipur (p.51) — verify"
pdf0668,ढ़्ड ी मच्छर,,825. मच,,,,ocr,"OCR of हिन्दी–हल्बी शब्दकोश, TRTI Raipur (p.51) — verify"
pdf0669,ला ी मछरा,,826.] मछ,,,,ocr,"OCR of हिन्दी–हल्बी शब्दकोश, TRTI Raipur (p.51) — verify"
pdf0670,मन,,827. मन,,,,ocr,"OCR of हिन्दी–हल्बी शब्दकोश, TRTI Raipur (p.51) — verify"
pdf0671,ना [ मागक,,828 . । मार,,,,ocr,"OCR of हिन्दी–हल्बी शब्दकोश, TRTI Raipur (p.51) — verify"
pdf0672,दरा ] भात,,829.] मज,,,,ocr,"OCR of हिन्दी–हल्बी शब्दकोश, TRTI Raipur (p.51) — verify"
pdf0673,आ । मह,,830.] मह,,,,ocr,"OCR of हिन्दी–हल्बी शब्दकोश, TRTI Raipur (p.51) — verify"
pdf0674,रिया मलरिया,,8 37. मले,,,,ocr,"OCR of हिन्दी–हल्बी शब्दकोश, TRTI Raipur (p.51) — verify"
pdf0675,। मना / राक,,833.। मन,,,,ocr,"OCR of हिन्दी–हल्बी शब्दकोश, TRTI Raipur (p.51) — verify"
pdf0676,टा ी माठा,,। [834.] मट,,,,ocr,"OCR of हिन्दी–हल्बी शब्दकोश, TRTI Raipur (p.51) — verify"
pdf0677,मटन एव चावल ी मा,,[835,,,,ocr,"OCR of हिन्दी–हल्बी शब्दकोश, TRTI Raipur (p.52) — verify"
pdf0678,मन ी मन,,8 36,,,,ocr,"OCR of हिन्दी–हल्बी शब्दकोश, TRTI Raipur (p.52) — verify"
pdf0679,। मरगया ग मर,,837,,,,ocr,"OCR of हिन्दी–हल्बी शब्दकोश, TRTI Raipur (p.52) — verify"
pdf0680,। मत ना,,[838,,,,ocr,"OCR of हिन्दी–हल्बी शब्दकोश, TRTI Raipur (p.52) — verify"
pdf0681,मजदूरा र,,[83%,,,,ocr,"OCR of हिन्दी–हल्बी शब्दकोश, TRTI Raipur (p.52) — verify"
pdf0682,मन । मन,,[84 (,,,,ocr,"OCR of हिन्दी–हल्बी शब्दकोश, TRTI Raipur (p.52) — verify"
pdf0683,मध मक्खियों ओ,,847,,,,ocr,"OCR of हिन्दी–हल्बी शब्दकोश, TRTI Raipur (p.52) — verify"
pdf0684,। महकाआ ी गाए,,ः [84.2,,,,ocr,"OCR of हिन्दी–हल्बी शब्दकोश, TRTI Raipur (p.52) — verify"
pdf0685,। महक ी बा,,[84 3,,,,ocr,"OCR of हिन्दी–हल्बी शब्दकोश, TRTI Raipur (p.52) — verify"
pdf0686,। मजबत ी बर,,[8 4.4,,,,ocr,"OCR of हिन्दी–हल्बी शब्दकोश, TRTI Raipur (p.52) — verify"
pdf0687,मालम । जज,,[8 4. 5,,,,ocr,"OCR of हिन्दी–हल्बी शब्दकोश, TRTI Raipur (p.52) — verify"
pdf0688,। माल ी जज,,[8 4. €,,,,ocr,"OCR of हिन्दी–हल्बी शब्दकोश, TRTI Raipur (p.52) — verify"
pdf0689,"', माफा ी ख",,84.7,,,,ocr,"OCR of हिन्दी–हल्बी शब्दकोश, TRTI Raipur (p.52) — verify"
pdf0690,] मानना [ समा,,-.. : ]848,,,,ocr,"OCR of हिन्दी–हल्बी शब्दकोश, TRTI Raipur (p.52) — verify"
pdf0691,"।, मानत । प्मा",,8 4,,,,ocr,"OCR of हिन्दी–हल्बी शब्दकोश, TRTI Raipur (p.52) — verify"
pdf0692,"।,। मारा [ मा",,8 5 (,,,,ocr,"OCR of हिन्दी–हल्बी शब्दकोश, TRTI Raipur (p.52) — verify"
pdf0693,। मत खाआ ी गन,,8 57,,,,ocr,"OCR of हिन्दी–हल्बी शब्दकोश, TRTI Raipur (p.52) — verify"
pdf0694,। माफत । खर,,852,,,,ocr,"OCR of हिन्दी–हल्बी शब्दकोश, TRTI Raipur (p.52) — verify"
pdf0695,मालिक थ] सः,,8 52,,,,ocr,"OCR of हिन्दी–हल्बी शब्दकोश, TRTI Raipur (p.52) — verify"
pdf0696,-.। माता आअ,,8 54,,,,ocr,"OCR of हिन्दी–हल्बी शब्दकोश, TRTI Raipur (p.52) — verify"
pdf0697,मार [ मा,,ा [8 5 5,,,,ocr,"OCR of हिन्दी–हल्बी शब्दकोश, TRTI Raipur (p.52) — verify"
pdf0698,मामा ला बाजा मा,,85 €,,,,ocr,"OCR of हिन्दी–हल्बी शब्दकोश, TRTI Raipur (p.52) — verify"
pdf0699,,,जा,,,,ocr,"OCR of हिन्दी–हल्बी शब्दकोश, TRTI Raipur (p.52) — verify"
pdf0700,रहत हा । रत,,902,,,,ocr,"OCR of हिन्दी–हल्बी शब्दकोश, TRTI Raipur (p.55) — verify"
pdf0701,। रहता ह । रह,,903,,,,ocr,"OCR of हिन्दी–हल्बी शब्दकोश, TRTI Raipur (p.55) — verify"
pdf0702,-। रहता ह रर,,905,,,,ocr,"OCR of हिन्दी–हल्बी शब्दकोश, TRTI Raipur (p.55) — verify"
pdf0703,। रकबा । रद,,[906,,,,ocr,"OCR of हिन्दी–हल्बी शब्दकोश, TRTI Raipur (p.55) — verify"
pdf0704,"। रहते, रहते तक रद",,907,,,,ocr,"OCR of हिन्दी–हल्बी शब्दकोश, TRTI Raipur (p.55) — verify"
pdf0705,। रसाद ी हक,,909,,,,ocr,"OCR of हिन्दी–हल्बी शब्दकोश, TRTI Raipur (p.55) — verify"
pdf0706,रहता था । र,,90,,,,ocr,"OCR of हिन्दी–हल्बी शब्दकोश, TRTI Raipur (p.55) — verify"
pdf0707,। रखा हआ । स,,972,,,,ocr,"OCR of हिन्दी–हल्बी शब्दकोश, TRTI Raipur (p.55) — verify"
pdf0708,रसदार । ख,,974,,,,ocr,"OCR of हिन्दी–हल्बी शब्दकोश, TRTI Raipur (p.55) — verify"
pdf0709,। रास्त ी बा,,976,,,,ocr,"OCR of हिन्दी–हल्बी शब्दकोश, TRTI Raipur (p.55) — verify"
pdf0710,। रास्ता ( तरफ) । ब्बा,,97,,,,ocr,"OCR of हिन्दी–हल्बी शब्दकोश, TRTI Raipur (p.55) — verify"
pdf0711,। रामचन्द्र । रा,,98,,,,ocr,"OCR of हिन्दी–हल्बी शब्दकोश, TRTI Raipur (p.55) — verify"
pdf0712,। राजा । दर,,979,,,,ocr,"OCR of हिन्दी–हल्बी शब्दकोश, TRTI Raipur (p.55) — verify"
pdf0713,। रात भर । ग्ग्‌,,920,,,,ocr,"OCR of हिन्दी–हल्बी शब्दकोश, TRTI Raipur (p.55) — verify"
pdf0714,रास्ते में चार पैर वाला. षब,,92,,,,ocr,"OCR of हिन्दी–हल्बी शब्दकोश, TRTI Raipur (p.55) — verify"
pdf0715,रात्रि विश्राम करते है... रा,,922,,,,ocr,"OCR of हिन्दी–हल्बी शब्दकोश, TRTI Raipur (p.55) — verify"
pdf0716,,,आदिम,,,,ocr,"OCR of हिन्दी–हल्बी शब्दकोश, TRTI Raipur (p.55) — verify"
pdf0717,रिपोर्ट रप,,(923,,,,ocr,"OCR of हिन्दी–हल्बी शब्दकोश, TRTI Raipur (p.56) — verify"
pdf0718,। रूपय ी पर,,924,,,,ocr,"OCR of हिन्दी–हल्बी शब्दकोश, TRTI Raipur (p.56) — verify"
pdf0719,। रूककर । शल,,925,,,,ocr,"OCR of हिन्दी–हल्बी शब्दकोश, TRTI Raipur (p.56) — verify"
pdf0720,। राहे ी गा,,926,,,,ocr,"OCR of हिन्दी–हल्बी शब्दकोश, TRTI Raipur (p.56) — verify"
pdf0721,रोटी रो,,927,,,,ocr,"OCR of हिन्दी–हल्बी शब्दकोश, TRTI Raipur (p.56) — verify"
pdf0722,रंग बिरंगी 'बर,,(928,,,,ocr,"OCR of हिन्दी–हल्बी शब्दकोश, TRTI Raipur (p.56) — verify"
pdf0723,रंग बिरंगें फल 'बर,,929,,,,ocr,"OCR of हिन्दी–हल्बी शब्दकोश, TRTI Raipur (p.56) — verify"
pdf0724,रग बरसाता [ 'रग,,॥930,,,,ocr,"OCR of हिन्दी–हल्बी शब्दकोश, TRTI Raipur (p.56) — verify"
pdf0725,। लकडाया [ दा,,937,,,,ocr,"OCR of हिन्दी–हल्बी शब्दकोश, TRTI Raipur (p.56) — verify"
pdf0726,'लकडी दा,,॥ 932,,,,ocr,"OCR of हिन्दी–हल्बी शब्दकोश, TRTI Raipur (p.56) — verify"
pdf0727,। लडना ी 'झर,,933,,,,ocr,"OCR of हिन्दी–हल्बी शब्दकोश, TRTI Raipur (p.56) — verify"
pdf0728,] लगाया ी 'लर,,934,,,,ocr,"OCR of हिन्दी–हल्बी शब्दकोश, TRTI Raipur (p.56) — verify"
pdf0729,। लगता है ला,,935,,,,ocr,"OCR of हिन्दी–हल्बी शब्दकोश, TRTI Raipur (p.56) — verify"
pdf0730,लडकीयो ले,,936,,,,ocr,"OCR of हिन्दी–हल्बी शब्दकोश, TRTI Raipur (p.56) — verify"
pdf0731,लटराती हुई ... मठ,,[937,,,,ocr,"OCR of हिन्दी–हल्बी शब्दकोश, TRTI Raipur (p.56) — verify"
pdf0732,। लगान । पट,,938,,,,ocr,"OCR of हिन्दी–हल्बी शब्दकोश, TRTI Raipur (p.56) — verify"
pdf0733,। लगाए [ र्रा,,939,,,,ocr,"OCR of हिन्दी–हल्बी शब्दकोश, TRTI Raipur (p.56) — verify"
pdf0734,। लगता [ ग्ला,,940,,,,ocr,"OCR of हिन्दी–हल्बी शब्दकोश, TRTI Raipur (p.56) — verify"
pdf0735,। 'लडका । पल,,94,,,,ocr,"OCR of हिन्दी–हल्बी शब्दकोश, TRTI Raipur (p.56) — verify"
pdf0736,। ललचाता ] ल्ला,,942,,,,ocr,"OCR of हिन्दी–हल्बी शब्दकोश, TRTI Raipur (p.56) — verify"
pdf0737,] लता । जा,,943,,,,ocr,"OCR of हिन्दी–हल्बी शब्दकोश, TRTI Raipur (p.56) — verify"
pdf0738,4 लडड ी ल्ला,,944,,,,ocr,"OCR of हिन्दी–हल्बी शब्दकोश, TRTI Raipur (p.56) — verify"
pdf0739,,,आदिम,,,,ocr,"OCR of हिन्दी–हल्बी शब्दकोश, TRTI Raipur (p.56) — verify"
pdf0740,4 लाभ होता है पा,,945,,,,ocr,"OCR of हिन्दी–हल्बी शब्दकोश, TRTI Raipur (p.57) — verify"
pdf0741,"। लाभ, सही है पा",,947,,,,ocr,"OCR of हिन्दी–हल्बी शब्दकोश, TRTI Raipur (p.57) — verify"
pdf0742,। लाख । ला,,953,,,,ocr,"OCR of हिन्दी–हल्बी शब्दकोश, TRTI Raipur (p.57) — verify"
pdf0743,। गलया । घर,,955,,,,ocr,"OCR of हिन्दी–हल्बी शब्दकोश, TRTI Raipur (p.57) — verify"
pdf0744,-। लाथा धः,,॥957,,,,ocr,"OCR of हिन्दी–हल्बी शब्दकोश, TRTI Raipur (p.57) — verify"
pdf0745,- लाथा घः,,॥958,,,,ocr,"OCR of हिन्दी–हल्बी शब्दकोश, TRTI Raipur (p.57) — verify"
pdf0746,। गलखा । पल,,959,,,,ocr,"OCR of हिन्दी–हल्बी शब्दकोश, TRTI Raipur (p.57) — verify"
pdf0747,। गलख पल,,960,,,,ocr,"OCR of हिन्दी–हल्बी शब्दकोश, TRTI Raipur (p.57) — verify"
pdf0748,लिए मिठाड़े धर,,967,,,,ocr,"OCR of हिन्दी–हल्बी शब्दकोश, TRTI Raipur (p.57) — verify"
pdf0749,। 'लडक चला । रा,,963,,,,ocr,"OCR of हिन्दी–हल्बी शब्दकोश, TRTI Raipur (p.57) — verify"
pdf0750,ले आओ अ,,964,,,,ocr,"OCR of हिन्दी–हल्बी शब्दकोश, TRTI Raipur (p.57) — verify"
pdf0751,] ले रहे हो ] पद,,965,,,,ocr,"OCR of हिन्दी–हल्बी शब्दकोश, TRTI Raipur (p.57) — verify"
pdf0752,,,आदिम,,,,ocr,"OCR of हिन्दी–हल्बी शब्दकोश, TRTI Raipur (p.57) — verify"
pdf0753,। लकर । गदर,,967,,,,ocr,"OCR of हिन्दी–हल्बी शब्दकोश, TRTI Raipur (p.58) — verify"
pdf0754,लेकिन ] मा,,५968,,,,ocr,"OCR of हिन्दी–हल्बी शब्दकोश, TRTI Raipur (p.58) — verify"
pdf0755,। लजाउगा । नर,,969,,,,ocr,"OCR of हिन्दी–हल्बी शब्दकोश, TRTI Raipur (p.58) — verify"
pdf0756,। लजाकर । गन,,970,,,,ocr,"OCR of हिन्दी–हल्बी शब्दकोश, TRTI Raipur (p.58) — verify"
pdf0757,। लोमड़ी के,,धिए।,,,,ocr,"OCR of हिन्दी–हल्बी शब्दकोश, TRTI Raipur (p.58) — verify"
pdf0758,। लाग मन,,972,,,,ocr,"OCR of हिन्दी–हल्बी शब्दकोश, TRTI Raipur (p.58) — verify"
pdf0759,। लागा मन,,973,,,,ocr,"OCR of हिन्दी–हल्बी शब्दकोश, TRTI Raipur (p.58) — verify"
pdf0760,। लोहे । ला,,974,,,,ocr,"OCR of हिन्दी–हल्बी शब्दकोश, TRTI Raipur (p.58) — verify"
pdf0761,। लबी- डे,,975,,,,ocr,"OCR of हिन्दी–हल्बी शब्दकोश, TRTI Raipur (p.58) — verify"
pdf0762,। वष । 'बर,,976,,,,ocr,"OCR of हिन्दी–हल्बी शब्दकोश, TRTI Raipur (p.58) — verify"
pdf0763,। 'वस्त । चा,,977,,,,ocr,"OCR of हिन्दी–हल्बी शब्दकोश, TRTI Raipur (p.58) — verify"
pdf0764,। वहा ी ज़्,,978,,,,ocr,"OCR of हिन्दी–हल्बी शब्दकोश, TRTI Raipur (p.58) — verify"
pdf0765,। वह । हन,,979,,,,ocr,"OCR of हिन्दी–हल्बी शब्दकोश, TRTI Raipur (p.58) — verify"
pdf0766,वस्तु / सामान च्ा,,-. [980,,,,ocr,"OCR of हिन्दी–हल्बी शब्दकोश, TRTI Raipur (p.58) — verify"
pdf0767,"वन, जगल । रा",,987,,,,ocr,"OCR of हिन्दी–हल्बी शब्दकोश, TRTI Raipur (p.58) — verify"
pdf0768,पस्तुए स,,[982,,,,ocr,"OCR of हिन्दी–हल्बी शब्दकोश, TRTI Raipur (p.58) — verify"
pdf0769,। वहा । वह,,983,,,,ocr,"OCR of हिन्दी–हल्बी शब्दकोश, TRTI Raipur (p.58) — verify"
pdf0770,। वन । झ,,984,,,,ocr,"OCR of हिन्दी–हल्बी शब्दकोश, TRTI Raipur (p.58) — verify"
pdf0771,विशेष मित्र मी,,(985,,,,ocr,"OCR of हिन्दी–हल्बी शब्दकोश, TRTI Raipur (p.58) — verify"
pdf0772,] गवचार । गब,,986,,,,ocr,"OCR of हिन्दी–हल्बी शब्दकोश, TRTI Raipur (p.58) — verify"
pdf0773,। ववश्वास ी व,,987,,,,ocr,"OCR of हिन्दी–हल्बी शब्दकोश, TRTI Raipur (p.58) — verify"
pdf0774,। श्वेती बेर,,988,,,,ocr,"OCR of हिन्दी–हल्बी शब्दकोश, TRTI Raipur (p.58) — verify"
pdf0775,शमशान मडा भ,,॥990,,,,ocr,"OCR of हिन्दी–हल्बी शब्दकोश, TRTI Raipur (p.59) — verify"
pdf0776,शाम - सबरा साझ -,,995,,,,ocr,"OCR of हिन्दी–हल्बी शब्दकोश, TRTI Raipur (p.59) — verify"
pdf0777,शाकाहारा 'दारभा,,996,,,,ocr,"OCR of हिन्दी–हल्बी शब्दकोश, TRTI Raipur (p.59) — verify"
pdf0778,'शकायत खदक,,१997,,,,ocr,"OCR of हिन्दी–हल्बी शब्दकोश, TRTI Raipur (p.59) — verify"
pdf0779,।पशकारा पारदर,,998,,,,ocr,"OCR of हिन्दी–हल्बी शब्दकोश, TRTI Raipur (p.59) — verify"
pdf0780,शात ऋत गसतक,,999,,,,ocr,"OCR of हिन्दी–हल्बी शब्दकोश, TRTI Raipur (p.59) — verify"
pdf0781,।शरू करण प्‌ 'मरया,,॥007,,,,ocr,"OCR of हिन्दी–हल्बी शब्दकोश, TRTI Raipur (p.59) — verify"
pdf0782,।शरू कया मारया,,003,,,,ocr,"OCR of हिन्दी–हल्बी शब्दकोश, TRTI Raipur (p.59) — verify"
pdf0783,सडक / रास्ता । बाट ।,,006,,,,ocr,"OCR of हिन्दी–हल्बी शब्दकोश, TRTI Raipur (p.59) — verify"
pdf0784,समझ गया 'जानल,,009,,,,ocr,"OCR of हिन्दी–हल्बी शब्दकोश, TRTI Raipur (p.59) — verify"
pdf0785,।समझ 'जानात्,,॥00,,,,ocr,"OCR of हिन्दी–हल्बी शब्दकोश, TRTI Raipur (p.59) — verify"
pdf0786,[सड़ा हुआ कुहला,,074,,,,ocr,"OCR of हिन्दी–हल्बी शब्दकोश, TRTI Raipur (p.60) — verify"
pdf0787,सहायता । मदद,,॥02,,,,ocr,"OCR of हिन्दी–हल्बी शब्दकोश, TRTI Raipur (p.60) — verify"
pdf0788,[स्वागत [ मान (ए,,03,,,,ocr,"OCR of हिन्दी–हल्बी शब्दकोश, TRTI Raipur (p.60) — verify"
pdf0789,[सकना ा सकता,,॥074,,,,ocr,"OCR of हिन्दी–हल्बी शब्दकोश, TRTI Raipur (p.60) — verify"
pdf0790,[सभा । सपाय,,05,,,,ocr,"OCR of हिन्दी–हल्बी शब्दकोश, TRTI Raipur (p.60) — verify"
pdf0791,[सकत हा ी सकास,,॥06,,,,ocr,"OCR of हिन्दी–हल्बी शब्दकोश, TRTI Raipur (p.60) — verify"
pdf0792,।[समझाया । समझा,,07,,,,ocr,"OCR of हिन्दी–हल्बी शब्दकोश, TRTI Raipur (p.60) — verify"
pdf0793,।सस्ता । ससता,,श ॥08,,,,ocr,"OCR of हिन्दी–हल्बी शब्दकोश, TRTI Raipur (p.60) — verify"
pdf0794,[सकना सक,,॥09,,,,ocr,"OCR of हिन्दी–हल्बी शब्दकोश, TRTI Raipur (p.60) — verify"
pdf0795,।समय ी समयान,,020,,,,ocr,"OCR of हिन्दी–हल्बी शब्दकोश, TRTI Raipur (p.60) — verify"
pdf0796,।समाप्त सरला,,027,,,,ocr,"OCR of हिन्दी–हल्बी शब्दकोश, TRTI Raipur (p.60) — verify"
pdf0797,[सहायाग । सला,,022,,,,ocr,"OCR of हिन्दी–हल्बी शब्दकोश, TRTI Raipur (p.60) — verify"
pdf0798,[सब्जा साग,,023,,,,ocr,"OCR of हिन्दी–हल्बी शब्दकोश, TRTI Raipur (p.60) — verify"
pdf0799,[सच ी सतय,,-... ॥॥024,,,,ocr,"OCR of हिन्दी–हल्बी शब्दकोश, TRTI Raipur (p.60) — verify"
pdf0800,[सबका सबक,,025,,,,ocr,"OCR of हिन्दी–हल्बी शब्दकोश, TRTI Raipur (p.60) — verify"
pdf0801,[सजा । दड,,026,,,,ocr,"OCR of हिन्दी–हल्बी शब्दकोश, TRTI Raipur (p.60) — verify"
pdf0802,[सकू सकाल,,[027,,,,ocr,"OCR of हिन्दी–हल्बी शब्दकोश, TRTI Raipur (p.60) — verify"
pdf0803,[सबक ी सफाय,,028,,,,ocr,"OCR of हिन्दी–हल्बी शब्दकोश, TRTI Raipur (p.60) — verify"
pdf0804,।समिति रूडा,,्थ 029,,,,ocr,"OCR of हिन्दी–हल्बी शब्दकोश, TRTI Raipur (p.60) — verify"
pdf0805,«साफ चुकचूर,,चर 030,,,,ocr,"OCR of हिन्दी–हल्बी शब्दकोश, TRTI Raipur (p.60) — verify"
pdf0806,।साप । साप,,+ 03],,,,ocr,"OCR of हिन्दी–हल्बी शब्दकोश, TRTI Raipur (p.60) — verify"
pdf0807,[सभा सपाय,,[032,,,,ocr,"OCR of हिन्दी–हल्बी शब्दकोश, TRTI Raipur (p.60) — verify"
pdf0808,सहकारा ी सहका,,0 36,,,,ocr,"OCR of हिन्दी–हल्बी शब्दकोश, TRTI Raipur (p.61) — verify"
pdf0809,समझकर [ समझ,,037,,,,ocr,"OCR of हिन्दी–हल्बी शब्दकोश, TRTI Raipur (p.61) — verify"
pdf0810,सराता [ सपारा,,0 38,,,,ocr,"OCR of हिन्दी–हल्बी शब्दकोश, TRTI Raipur (p.61) — verify"
pdf0811,सरकस ा सरकर,,040,,,,ocr,"OCR of हिन्दी–हल्बी शब्दकोश, TRTI Raipur (p.61) — verify"
pdf0812,सब डिब्बे मे छिप गये. 'सफाय,,042,,,,ocr,"OCR of हिन्दी–हल्बी शब्दकोश, TRTI Raipur (p.61) — verify"
pdf0813,सच्ची सेवा नंगत र,,१ि043,,,,ocr,"OCR of हिन्दी–हल्बी शब्दकोश, TRTI Raipur (p.61) — verify"
pdf0814,सच्चाड ी सत ध,,044,,,,ocr,"OCR of हिन्दी–हल्बी शब्दकोश, TRTI Raipur (p.61) — verify"
pdf0815,साफ छक छ,,46 . ।,,,,ocr,"OCR of हिन्दी–हल्बी शब्दकोश, TRTI Raipur (p.61) — verify"
pdf0816,सालबाज सरगा,,048.],,,,ocr,"OCR of हिन्दी–हल्बी शब्दकोश, TRTI Raipur (p.61) — verify"
pdf0817,सामान । समान,,[049,,,,ocr,"OCR of हिन्दी–हल्बी शब्दकोश, TRTI Raipur (p.61) — verify"
pdf0818,साक्षात । प्रत्यक्ष ी सायख,,057,,,,ocr,"OCR of हिन्दी–हल्बी शब्दकोश, TRTI Raipur (p.61) — verify"
pdf0819,साइकल । साइाक,,053,,,,ocr,"OCR of हिन्दी–हल्बी शब्दकोश, TRTI Raipur (p.61) — verify"
pdf0820,]सारा । सपाय,,055,,,,ocr,"OCR of हिन्दी–हल्बी शब्दकोश, TRTI Raipur (p.62) — verify"
pdf0821,।साहब ी साहब,,056,,,,ocr,"OCR of हिन्दी–हल्बी शब्दकोश, TRTI Raipur (p.62) — verify"
pdf0822,।सागान । साहा,,057,,,,ocr,"OCR of हिन्दी–हल्बी शब्दकोश, TRTI Raipur (p.62) — verify"
pdf0823,।सातव । सातद,,058,,,,ocr,"OCR of हिन्दी–हल्बी शब्दकोश, TRTI Raipur (p.62) — verify"
pdf0824,।साथ । सग,,059,,,,ocr,"OCR of हिन्दी–हल्बी शब्दकोश, TRTI Raipur (p.62) — verify"
pdf0825,[सात छल्‍लो वाला इल्ला सात ए,,060,,,,ocr,"OCR of हिन्दी–हल्बी शब्दकोश, TRTI Raipur (p.62) — verify"
pdf0826,मिली मिरली,,,,,,ocr,"OCR of हिन्दी–हल्बी शब्दकोश, TRTI Raipur (p.62) — verify"
pdf0827,।सांधा ी 'लमल,,067,,,,ocr,"OCR of हिन्दी–हल्बी शब्दकोश, TRTI Raipur (p.62) — verify"
pdf0828,।सोतताफल ी चाताप,,] 062,,,,ocr,"OCR of हिन्दी–हल्बी शब्दकोश, TRTI Raipur (p.62) — verify"
pdf0829,[।सिसकियां 'सिसव,,५063,,,,ocr,"OCR of हिन्दी–हल्बी शब्दकोश, TRTI Raipur (p.62) — verify"
pdf0830,[सिंचाई पानी,,064,,,,ocr,"OCR of हिन्दी–हल्बी शब्दकोश, TRTI Raipur (p.62) — verify"
pdf0831,सखना । ग्सखट,,065,,,,ocr,"OCR of हिन्दी–हल्बी शब्दकोश, TRTI Raipur (p.62) — verify"
pdf0832,॥सखा कर ी गसखर,,[066,,,,ocr,"OCR of हिन्दी–हल्बी शब्दकोश, TRTI Raipur (p.62) — verify"
pdf0833,।सयास्त । आडब,,067,,,,ocr,"OCR of हिन्दी–हल्बी शब्दकोश, TRTI Raipur (p.62) — verify"
pdf0834,[सूय / सूरज बर,,[]068,,,,ocr,"OCR of हिन्दी–हल्बी शब्दकोश, TRTI Raipur (p.62) — verify"
pdf0835,सर्य की किरणे बेर त,,069,,,,ocr,"OCR of हिन्दी–हल्बी शब्दकोश, TRTI Raipur (p.62) — verify"
pdf0836,सपा । सूप /,,[070,,,,ocr,"OCR of हिन्दी–हल्बी शब्दकोश, TRTI Raipur (p.62) — verify"
pdf0837,।सनकर । सननः,,077,,,,ocr,"OCR of हिन्दी–हल्बी शब्दकोश, TRTI Raipur (p.62) — verify"
pdf0838,[सखाकर । सखार,,072,,,,ocr,"OCR of हिन्दी–हल्बी शब्दकोश, TRTI Raipur (p.62) — verify"
pdf0839,।सन्दर [ सन्दर,,073,,,,ocr,"OCR of हिन्दी–हल्बी शब्दकोश, TRTI Raipur (p.62) — verify"
pdf0840,।सघारना । सधरक,,ष् [074,,,,ocr,"OCR of हिन्दी–हल्बी शब्दकोश, TRTI Raipur (p.62) — verify"
pdf0841,- [सना सनल,,दर [075,,,,ocr,"OCR of हिन्दी–हल्बी शब्दकोश, TRTI Raipur (p.62) — verify"
pdf0842,,,हद,,,,ocr,"OCR of हिन्दी–हल्बी शब्दकोश, TRTI Raipur (p.62) — verify"
pdf0843,कर [ सनन,,[07 6 . ।सन,,,,ocr,"OCR of हिन्दी–हल्बी शब्दकोश, TRTI Raipur (p.63) — verify"
pdf0844,क चाडा,,0 77 . ।सड,,,,ocr,"OCR of हिन्दी–हल्बी शब्दकोश, TRTI Raipur (p.63) — verify"
pdf0845,रा पत्ता । 'सखला पाना,,07 8 . [सर,,,,ocr,"OCR of हिन्दी–हल्बी शब्दकोश, TRTI Raipur (p.63) — verify"
pdf0846,ह । बयान,,[0 79. ।सिब,,,,ocr,"OCR of हिन्दी–हल्बी शब्दकोश, TRTI Raipur (p.63) — verify"
pdf0847,- गले 'कहलो - गला,,[08. सडे,,,,ocr,"OCR of हिन्दी–हल्बी शब्दकोश, TRTI Raipur (p.63) — verify"
pdf0848,ं । सब,,[082. [सब,,,,ocr,"OCR of हिन्दी–हल्बी शब्दकोश, TRTI Raipur (p.63) — verify"
pdf0849,रा ी कमला पाक,,[0 83 . [सतत,,,,ocr,"OCR of हिन्दी–हल्बी शब्दकोश, TRTI Raipur (p.63) — verify"
pdf0850,न [ सोहसे,,[0 84 . सिर,,,,ocr,"OCR of हिन्दी–हल्बी शब्दकोश, TRTI Raipur (p.63) — verify"
pdf0851,ी आवर,,085. सा,,,,ocr,"OCR of हिन्दी–हल्बी शब्दकोश, TRTI Raipur (p.63) — verify"
pdf0852,रे गोल 'गलटिया कम,,0 86 . सिंत,,,,ocr,"OCR of हिन्दी–हल्बी शब्दकोश, TRTI Raipur (p.63) — verify"
pdf0853,ं ी रह,,087 . [संघ,,,,ocr,"OCR of हिन्दी–हल्बी शब्दकोश, TRTI Raipur (p.63) — verify"
pdf0854,या ी रट,,0 88 . ।सर,,,,ocr,"OCR of हिन्दी–हल्बी शब्दकोश, TRTI Raipur (p.63) — verify"
pdf0855,्ल ी गसकरा,,[0 89 . ।सव,,,,ocr,"OCR of हिन्दी–हल्बी शब्दकोश, TRTI Raipur (p.63) — verify"
pdf0856,के इच्छा से विचार कर आपलो मने दि,,090 . स्विम,,,,ocr,"OCR of हिन्दी–हल्बी शब्दकोश, TRTI Raipur (p.63) — verify"
pdf0857,पथ है नको आसे,,५09. स्व,,,,ocr,"OCR of हिन्दी–हल्बी शब्दकोश, TRTI Raipur (p.63) — verify"
pdf0858,त: उत्पन्न ी उपजास,,॥0 92. स्व,,,,ocr,"OCR of हिन्दी–हल्बी शब्दकोश, TRTI Raipur (p.63) — verify"
pdf0859,दशा । आपला दश,,]0 93 . [स्व,,,,ocr,"OCR of हिन्दी–हल्बी शब्दकोश, TRTI Raipur (p.63) — verify"
pdf0860,। आमचा,,0 94 . [हम,,,,ocr,"OCR of हिन्दी–हल्बी शब्दकोश, TRTI Raipur (p.63) — verify"
pdf0861,शा [ अमदया,,095. हम,,,,ocr,"OCR of हिन्दी–हल्बी शब्दकोश, TRTI Raipur (p.63) — verify"
pdf0862,लाएग । आनवा,,096 . [हम,,,,ocr,"OCR of हिन्दी–हल्बी शब्दकोश, TRTI Raipur (p.63) — verify"
pdf0863,[ आम,,097 . ।हम,,,,ocr,"OCR of हिन्दी–हल्बी शब्दकोश, TRTI Raipur (p.63) — verify"
pdf0864,8। हमार । आम,,[]0 9,,,,ocr,"OCR of हिन्दी–हल्बी शब्दकोश, TRTI Raipur (p.64) — verify"
pdf0865,9]. हम घमग । आम,,]09,,,,ocr,"OCR of हिन्दी–हल्बी शब्दकोश, TRTI Raipur (p.64) — verify"
pdf0866,) । हस्ताक्षर । दसः,,[40 (,,,,ocr,"OCR of हिन्दी–हल्बी शब्दकोश, TRTI Raipur (p.64) — verify"
pdf0867,हम हार आम,,]0,,,,ocr,"OCR of हिन्दी–हल्बी शब्दकोश, TRTI Raipur (p.64) — verify"
pdf0868,हाथयार । हात,,[70,,,,ocr,"OCR of हिन्दी–हल्बी शब्दकोश, TRTI Raipur (p.64) — verify"
pdf0869,3 । हासया हार!,,0,,,,ocr,"OCR of हिन्दी–हल्बी शब्दकोश, TRTI Raipur (p.64) — verify"
pdf0870,4 हम जाएग । आम,,0-,,,,ocr,"OCR of हिन्दी–हल्बी शब्दकोश, TRTI Raipur (p.64) — verify"
pdf0871,5 हम खाएग । आम,,कं १0,,,,ocr,"OCR of हिन्दी–हल्बी शब्दकोश, TRTI Raipur (p.64) — verify"
pdf0872,5 हल्ला । काठ,,70।,,,,ocr,"OCR of हिन्दी–हल्बी शब्दकोश, TRTI Raipur (p.64) — verify"
pdf0873,7 । हानकारक । नाक,,[770',,,,ocr,"OCR of हिन्दी–हल्बी शब्दकोश, TRTI Raipur (p.64) — verify"
pdf0874,3 हल नाग,,व 70,,,,ocr,"OCR of हिन्दी–हल्बी शब्दकोश, TRTI Raipur (p.64) — verify"
pdf0875,9 । हमशा । राज,,ी ॥0',,,,ocr,"OCR of हिन्दी–हल्बी शब्दकोश, TRTI Raipur (p.64) — verify"
pdf0876,। होगी । होय,,770,,,,ocr,"OCR of हिन्दी–हल्बी शब्दकोश, TRTI Raipur (p.64) — verify"
pdf0877,। हमका द । आम,,॥१77,,,,ocr,"OCR of हिन्दी–हल्बी शब्दकोश, TRTI Raipur (p.64) — verify"
pdf0878,हवा चल रही थी लेह,,[]772,,,,ocr,"OCR of हिन्दी–हल्बी शब्दकोश, TRTI Raipur (p.64) — verify"
pdf0879,हवा से हिल रही थी लेह,,[]]5,,,,ocr,"OCR of हिन्दी–हल्बी शब्दकोश, TRTI Raipur (p.64) — verify"
pdf0880,] हसना । 'हास,,7774,,,,ocr,"OCR of हिन्दी–हल्बी शब्दकोश, TRTI Raipur (p.64) — verify"
pdf0881,'हाजर हा,,]5,,,,ocr,"OCR of हिन्दी–हल्बी शब्दकोश, TRTI Raipur (p.64) — verify"
pdf0882,हमने । हामें,,[776,,,,ocr,"OCR of हिन्दी–हल्बी शब्दकोश, TRTI Raipur (p.64) — verify"
pdf0883,हाथ हाथ,,[धक्का,,,,ocr,"OCR of हिन्दी–हल्बी शब्दकोश, TRTI Raipur (p.64) — verify"
pdf0884,हाथा । हाथे,,् ]778,,,,ocr,"OCR of हिन्दी–हल्बी शब्दकोश, TRTI Raipur (p.64) — verify"
pdf0885,हारना ज्ञारर,,श ]77,,,,ocr,"OCR of हिन्दी–हल्बी शब्दकोश, TRTI Raipur (p.64) — verify"
pdf0886,,,।.. धद,,,,ocr,"OCR of हिन्दी–हल्बी शब्दकोश, TRTI Raipur (p.64) — verify"
pdf0887,स्सा हहसाब । बा,,॥4]20 . गह,,,,ocr,"OCR of हिन्दी–हल्बी शब्दकोश, TRTI Raipur (p.65) — verify"
pdf0888,लाता 'हलाला,,॥72. । हि,,,,ocr,"OCR of हिन्दी–हल्बी शब्दकोश, TRTI Raipur (p.65) — verify"
pdf0889,लाती डलाती हालन डलन,,१22. हि,,,,ocr,"OCR of हिन्दी–हल्बी शब्दकोश, TRTI Raipur (p.65) — verify"
pdf0890,आ । हाला । हाल,,23.] हः,,,,ocr,"OCR of हिन्दी–हल्बी शब्दकोश, TRTI Raipur (p.65) — verify"
pdf0891,आ है होंलिसे,,॥॥24. हः,,,,ocr,"OCR of हिन्दी–हल्बी शब्दकोश, TRTI Raipur (p.65) — verify"
pdf0892,उ ी हाला सह,,॥25. हु,,,,ocr,"OCR of हिन्दी–हल्बी शब्दकोश, TRTI Raipur (p.65) — verify"
pdf0893,डा । ठगा,,॥726.]ख,,,,ocr,"OCR of हिन्दी–हल्बी शब्दकोश, TRTI Raipur (p.65) — verify"
pdf0894,साय,,निगजया हि,,,,ocr,"OCR of हिन्दी–हल्बी शब्दकोश, TRTI Raipur (p.65) — verify"
pdf0895,रान परेशान हरयान,,॥29. है,,,,ocr,"OCR of हिन्दी–हल्बी शब्दकोश, TRTI Raipur (p.65) — verify"
pdf0896,गा । 'हायद,,730.] ह।,,,,ocr,"OCR of हिन्दी–हल्बी शब्दकोश, TRTI Raipur (p.65) — verify"
pdf0897,ना [ 'हातार । हाए,,737. । ह।,,,,ocr,"OCR of हिन्दी–हल्बी शब्दकोश, TRTI Raipur (p.65) — verify"
pdf0898,गे होती,,॥32.] हो,,,,ocr,"OCR of हिन्दी–हल्बी शब्दकोश, TRTI Raipur (p.65) — verify"
pdf0899,गया । हाला,,733.] हा,,,,ocr,"OCR of हिन्दी–हल्बी शब्दकोश, TRTI Raipur (p.65) — verify"
pdf0900,[कर । हाउन,,[734. ह।,,,,ocr,"OCR of हिन्दी–हल्बी शब्दकोश, TRTI Raipur (p.65) — verify"
pdf0901,तम । हव तड़,,35.। हा,,,,ocr,"OCR of हिन्दी–हल्बी शब्दकोश, TRTI Raipur (p.65) — verify"
pdf0902,स । हासा,,प37.] हा,,,,ocr,"OCR of हिन्दी–हल्बी शब्दकोश, TRTI Raipur (p.65) — verify"
pdf0903,सते - हंसते ।.... हासन-हा,,॥38.] हं,,,,ocr,"OCR of हिन्दी–हल्बी शब्दकोश, TRTI Raipur (p.65) — verify"
pdf0904,साद । परसाद,,पग49. प्र,,,,ocr,"OCR of हिन्दी–हल्बी शब्दकोश, TRTI Raipur (p.65) — verify"
pdf0905,पत्न 'परयास,,40 . प्र,,,,ocr,"OCR of हिन्दी–हल्बी शब्दकोश, TRTI Raipur (p.65) — verify"
pdf0906,त्यक सब,,हवा. प्र,,,,ocr,"OCR of हिन्दी–हल्बी शब्दकोश, TRTI Raipur (p.65) — verify"
pdf0907,[प्रताक्षा । गबसात,,42,,,,ocr,"OCR of हिन्दी–हल्बी शब्दकोश, TRTI Raipur (p.66) — verify"
pdf0908,। प्रसन्नता । हारक,,43,,,,ocr,"OCR of हिन्दी–हल्बी शब्दकोश, TRTI Raipur (p.66) — verify"
pdf0909,[प्रसन्न । हराक,,44,,,,ocr,"OCR of हिन्दी–हल्बी शब्दकोश, TRTI Raipur (p.66) — verify"
pdf0910,[प्राणा । जाव,,45,,,,ocr,"OCR of हिन्दी–हल्बी शब्दकोश, TRTI Raipur (p.66) — verify"
pdf0911,प्रम । मया,,[]46,,,,ocr,"OCR of हिन्दी–हल्बी शब्दकोश, TRTI Raipur (p.66) — verify"
pdf0912,,,( ध्दा,,,,ocr,"OCR of हिन्दी–हल्बी शब्दकोश, TRTI Raipur (p.66) — verify"
pdf0913,8 हमार ] आम,,09,,,,ocr,"OCR of हिन्दी–हल्बी शब्दकोश, TRTI Raipur (p.68) — verify"
pdf0914,9 हम घमग । आम,,[09,,,,ocr,"OCR of हिन्दी–हल्बी शब्दकोश, TRTI Raipur (p.68) — verify"
pdf0915,) हस्ताक्षर । दसः,,70।,,,,ocr,"OCR of हिन्दी–हल्बी शब्दकोश, TRTI Raipur (p.68) — verify"
pdf0916,हम हाग ] आम,,70 7,,,,ocr,"OCR of हिन्दी–हल्बी शब्दकोश, TRTI Raipur (p.68) — verify"
pdf0917,! .। हाथयार हात,,ः []70,,,,ocr,"OCR of हिन्दी–हल्बी शब्दकोश, TRTI Raipur (p.68) — verify"
pdf0918,9 'हासया हार,,[0,,,,ocr,"OCR of हिन्दी–हल्बी शब्दकोश, TRTI Raipur (p.68) — verify"
pdf0919,4 । हम जाएग आम,,70,,,,ocr,"OCR of हिन्दी–हल्बी शब्दकोश, TRTI Raipur (p.68) — verify"
pdf0920,5 हम खाएग [ आम,,ण ॥0,,,,ocr,"OCR of हिन्दी–हल्बी शब्दकोश, TRTI Raipur (p.68) — verify"
pdf0921,5 हल्ला । काठ,,0।,,,,ocr,"OCR of हिन्दी–हल्बी शब्दकोश, TRTI Raipur (p.68) — verify"
pdf0922,7 हानकारक । नाव,,[0',,,,ocr,"OCR of हिन्दी–हल्बी शब्दकोश, TRTI Raipur (p.68) — verify"
pdf0923,3 हल । नाग,,70।,,,,ocr,"OCR of हिन्दी–हल्बी शब्दकोश, TRTI Raipur (p.68) — verify"
pdf0924,9 हमशा । राज,,70',,,,ocr,"OCR of हिन्दी–हल्बी शब्दकोश, TRTI Raipur (p.68) — verify"
pdf0925,होगी 'होय,,477(,,,,ocr,"OCR of हिन्दी–हल्बी शब्दकोश, TRTI Raipur (p.68) — verify"
pdf0926,। हमका द । आम्,,न ॥]7,,,,ocr,"OCR of हिन्दी–हल्बी शब्दकोश, TRTI Raipur (p.68) — verify"
pdf0927,हवा चल रही थी लेह,,[]]72,,,,ocr,"OCR of हिन्दी–हल्बी शब्दकोश, TRTI Raipur (p.68) — verify"
pdf0928,") , हवा से हिल रही थी लेह",,[475,,,,ocr,"OCR of हिन्दी–हल्बी शब्दकोश, TRTI Raipur (p.68) — verify"
pdf0929,हसना । हास,,774,,,,ocr,"OCR of हिन्दी–हल्बी शब्दकोश, TRTI Raipur (p.68) — verify"
pdf0930,हाजर हाज,,0772,,,,ocr,"OCR of हिन्दी–हल्बी शब्दकोश, TRTI Raipur (p.68) — verify"
pdf0931,हमने । हामे,,[776,,,,ocr,"OCR of हिन्दी–हल्बी शब्दकोश, TRTI Raipur (p.68) — verify"
pdf0932,हाथ ं ह्ञाथ,,777,,,,ocr,"OCR of हिन्दी–हल्बी शब्दकोश, TRTI Raipur (p.68) — verify"
pdf0933,") , हाथा । 'हाथे",,[778,,,,ocr,"OCR of हिन्दी–हल्बी शब्दकोश, TRTI Raipur (p.68) — verify"
pdf0934,). हारना । हार,,777,,,,ocr,"OCR of हिन्दी–हल्बी शब्दकोश, TRTI Raipur (p.68) — verify"
pdf0935,स्सा । पहसाब । बा,,॥॥720 . ] हि,,,,ocr,"OCR of हिन्दी–हल्बी शब्दकोश, TRTI Raipur (p.69) — verify"
pdf0936,लाता हलाला,,[॥72. । हि,,,,ocr,"OCR of हिन्दी–हल्बी शब्दकोश, TRTI Raipur (p.69) — verify"
pdf0937,लाती ड्लाती ... 'हालन डलन,,722. हि,,,,ocr,"OCR of हिन्दी–हल्बी शब्दकोश, TRTI Raipur (p.69) — verify"
pdf0938,आ हाला / हाल,,॥23. ह,,,,ocr,"OCR of हिन्दी–हल्बी शब्दकोश, TRTI Raipur (p.69) — verify"
pdf0939,आ है 'हालसे,,॥24. है,,,,ocr,"OCR of हिन्दी–हल्बी शब्दकोश, TRTI Raipur (p.69) — verify"
pdf0940,झु हाला स ह,,[25.]ह,,,,ocr,"OCR of हिन्दी–हल्बी शब्दकोश, TRTI Raipur (p.69) — verify"
pdf0941,डा । ठगा,,॥26.] ड,,,,ocr,"OCR of हिन्दी–हल्बी शब्दकोश, TRTI Raipur (p.69) — verify"
pdf0942,। आय,,॥१27.]ह,,,,ocr,"OCR of हिन्दी–हल्बी शब्दकोश, TRTI Raipur (p.69) — verify"
pdf0943,आसे / आर,,५728 . हैं,,,,ocr,"OCR of हिन्दी–हल्बी शब्दकोश, TRTI Raipur (p.69) — verify"
pdf0944,रान परेशान हरयान,,]29. है,,,,ocr,"OCR of हिन्दी–हल्बी शब्दकोश, TRTI Raipur (p.69) — verify"
pdf0945,गा हायद,,॥30.]ह,,,,ocr,"OCR of हिन्दी–हल्बी शब्दकोश, TRTI Raipur (p.69) — verify"
pdf0946,ना 'हातार । हा,,॥37.। ह,,,,ocr,"OCR of हिन्दी–हल्बी शब्दकोश, TRTI Raipur (p.69) — verify"
pdf0947,गे । होती,,32.]ह,,,,ocr,"OCR of हिन्दी–हल्बी शब्दकोश, TRTI Raipur (p.69) — verify"
pdf0948,[ गया हहाला,,॥33.ह,,,,ocr,"OCR of हिन्दी–हल्बी शब्दकोश, TRTI Raipur (p.69) — verify"
pdf0949,[कर हाउन,,॥34.। ह,,,,ocr,"OCR of हिन्दी–हल्बी शब्दकोश, TRTI Raipur (p.69) — verify"
pdf0950,[ तम । हव तड़,,35.] ह,,,,ocr,"OCR of हिन्दी–हल्बी शब्दकोश, TRTI Raipur (p.69) — verify"
pdf0951,ह्व,,॥36.ह,,,,ocr,"OCR of हिन्दी–हल्बी शब्दकोश, TRTI Raipur (p.69) — verify"
pdf0952,स 'हासा,,५37.]'ह,,,,ocr,"OCR of हिन्दी–हल्बी शब्दकोश, TRTI Raipur (p.69) — verify"
pdf0953,सत - हसत हासन - हा,,॥38.ह,,,,ocr,"OCR of हिन्दी–हल्बी शब्दकोश, TRTI Raipur (p.69) — verify"
pdf0954,साद परसाद,,49. प्र,,,,ocr,"OCR of हिन्दी–हल्बी शब्दकोश, TRTI Raipur (p.69) — verify"
pdf0955,यत्न परयास,,। 40. प्र,,,,ocr,"OCR of हिन्दी–हल्बी शब्दकोश, TRTI Raipur (p.69) — verify"
pdf0956,त्यक सब,,। प4. प्र,,,,ocr,"OCR of हिन्दी–हल्बी शब्दकोश, TRTI Raipur (p.69) — verify"
